2026-07-23 09:07:08.617 [INF] Build started — project: , session: a30004f3-ae57-4c7e-b94b-d486f350ff7c, refinement: False
2026-07-23 11:07:08.703 [INF] Executed DbCommand (0ms) [Parameters=[@__projectId_0='?' (DbType = Int64)], CommandType='"Text"', CommandTimeout='30']
SELECT "w"."Id", "w"."CheckpointsJson", "w"."ProjectId", "w"."UpdatedAtUtc"
FROM "WorkflowCheckpoints" AS "w"
WHERE "w"."ProjectId" = @__projectId_0
LIMIT 1
2026-07-23 11:07:08.719 [INF] Executed DbCommand (0ms) [Parameters=[@p0='?' (Size = 1724), @p1='?' (DbType = Int64), @p2='?' (DbType = DateTime)], CommandType='"Text"', CommandTimeout='30']
INSERT INTO "WorkflowCheckpoints" ("CheckpointsJson", "ProjectId", "UpdatedAtUtc")
VALUES (@p0, @p1, @p2)
RETURNING "Id";
2026-07-23 09:07:08.722 [INF] steps_total:10
2026-07-23 09:07:08.722 [INF] Triage: fresh build
2026-07-23 11:07:08.863 [INF] Executed DbCommand (0ms) [Parameters=[@__projectId_0='?' (DbType = Int64)], CommandType='"Text"', CommandTimeout='30']
SELECT "w"."Id", "w"."CheckpointsJson", "w"."ProjectId", "w"."UpdatedAtUtc"
FROM "WorkflowCheckpoints" AS "w"
WHERE "w"."ProjectId" = @__projectId_0
LIMIT 1
2026-07-23 11:07:08.863 [INF] Executed DbCommand (0ms) [Parameters=[@p2='?' (DbType = Int64), @p0='?' (Size = 1749), @p1='?' (DbType = DateTime)], CommandType='"Text"', CommandTimeout='30']
UPDATE "WorkflowCheckpoints" SET "CheckpointsJson" = @p0, "UpdatedAtUtc" = @p1
WHERE "Id" = @p2
RETURNING 1;
2026-07-23 09:07:08.864 [INF] step_start:Setup
2026-07-23 11:07:11.365 [INF] RESOLVE_FOLDER: Resolved 'Fleet Services Agency' to 'fleet-services-agency' in volume '9b4235eb-da8e-40b2-8bdc-bc883648ae1c'
2026-07-23 11:07:12.219 [INF] CREATE_SITE_FOLDER: Created folder 'Fleet Services Agency' in volume '9b4235eb-da8e-40b2-8bdc-bc883648ae1c' with boilerplate files
2026-07-23 11:07:12.857 [INF] REGISTER_SITE: Registered site 'Fleet Services Agency' (session: a30004f3-ae57-4c7e-b94b-d486f350ff7c) in volume '9b4235eb-da8e-40b2-8bdc-bc883648ae1c'
2026-07-23 11:07:23.327 [INF] BATCH_WRITE_FILES_TO_VOLUME: Attempting to write 5 files to volume '9b4235eb-da8e-40b2-8bdc-bc883648ae1c'
2026-07-23 11:07:23.351 [INF] Executed DbCommand (1ms) [Parameters=[@__title_1='?' (Size = 21), @__sessionId_0='?' (Size = 36)], CommandType='"Text"', CommandTimeout='30']
UPDATE "ChatSessions" AS "c"
SET "Title" = @__title_1
WHERE "c"."SessionId" = @__sessionId_0
2026-07-23 11:07:23.352 [INF] Executed DbCommand (0ms) [Parameters=[@__context_UserId_0='?' (Size = 36), @__context_SessionId_1='?' (Size = 36)], CommandType='"Text"', CommandTimeout='30']
SELECT "p"."Id", "p"."CreatedAtUtc", "p"."CustomImageBlobsJson", "p"."FolderName", "p"."GithubCurrentBranch", "p"."GithubRepoName", "p"."GithubRepoUrl", "p"."ImageSourceMode", "p"."IsRefinement", "p"."NetlifySiteId", "p"."Phase", "p"."PreviewContainerId", "p"."PreviewUrl", "p"."ProductionUrl", "p"."ProjectName", "p"."SessionId", "p"."UpdatedAtUtc", "p"."UserId"
FROM "Projects" AS "p"
WHERE "p"."UserId" = @__context_UserId_0 AND "p"."SessionId" = @__context_SessionId_1
LIMIT 1
2026-07-23 11:07:23.352 [INF] Executed DbCommand (0ms) [Parameters=[@p3='?' (DbType = Int64), @p0='?' (Size = 21), @p1='?' (Size = 21), @p2='?' (DbType = DateTime)], CommandType='"Text"', CommandTimeout='30']
UPDATE "Projects" SET "FolderName" = @p0, "ProjectName" = @p1, "UpdatedAtUtc" = @p2
WHERE "Id" = @p3
RETURNING 1;
2026-07-23 09:07:23.354 [INF] Creating GitHub repository...
2026-07-23 11:07:24.109 [INF] BATCH_WRITE_FILES_TO_VOLUME: Wrote 5/5 files successfully to volume '9b4235eb-da8e-40b2-8bdc-bc883648ae1c'
2026-07-23 11:07:26.052 [INF] Executed DbCommand (0ms) [Parameters=[@__context_UserId_0='?' (Size = 36), @__context_SessionId_1='?' (Size = 36)], CommandType='"Text"', CommandTimeout='30']
SELECT "p"."Id", "p"."CreatedAtUtc", "p"."CustomImageBlobsJson", "p"."FolderName", "p"."GithubCurrentBranch", "p"."GithubRepoName", "p"."GithubRepoUrl", "p"."ImageSourceMode", "p"."IsRefinement", "p"."NetlifySiteId", "p"."Phase", "p"."PreviewContainerId", "p"."PreviewUrl", "p"."ProductionUrl", "p"."ProjectName", "p"."SessionId", "p"."UpdatedAtUtc", "p"."UserId"
FROM "Projects" AS "p"
WHERE "p"."UserId" = @__context_UserId_0 AND "p"."SessionId" = @__context_SessionId_1
LIMIT 1
2026-07-23 11:07:26.053 [INF] Executed DbCommand (0ms) [Parameters=[@p3='?' (DbType = Int64), @p0='?' (Size = 36), @p1='?' (Size = 73), @p2='?' (DbType = DateTime)], CommandType='"Text"', CommandTimeout='30']
UPDATE "Projects" SET "GithubRepoName" = @p0, "GithubRepoUrl" = @p1, "UpdatedAtUtc" = @p2
WHERE "Id" = @p3
RETURNING 1;
2026-07-23 09:07:26.054 [INF] GitHub repo ready: https://github.com/marijacurcic-code/webly-9b4235eb-fleet-services-agency
2026-07-23 11:07:34.668 [INF] Executed DbCommand (0ms) [Parameters=[@__projectId_0='?' (DbType = Int64)], CommandType='"Text"', CommandTimeout='30']
SELECT "w"."Id", "w"."CheckpointsJson", "w"."ProjectId", "w"."UpdatedAtUtc"
FROM "WorkflowCheckpoints" AS "w"
WHERE "w"."ProjectId" = @__projectId_0
LIMIT 1
2026-07-23 11:07:34.669 [INF] Executed DbCommand (0ms) [Parameters=[@p2='?' (DbType = Int64), @p0='?' (Size = 1775), @p1='?' (DbType = DateTime)], CommandType='"Text"', CommandTimeout='30']
UPDATE "WorkflowCheckpoints" SET "CheckpointsJson" = @p0, "UpdatedAtUtc" = @p1
WHERE "Id" = @p2
RETURNING 1;
2026-07-23 09:07:34.669 [INF] step_done:Setup
2026-07-23 11:07:34.683 [INF] Executed DbCommand (0ms) [Parameters=[@__projectId_0='?' (DbType = Int64)], CommandType='"Text"', CommandTimeout='30']
SELECT "w"."Id", "w"."CheckpointsJson", "w"."ProjectId", "w"."UpdatedAtUtc"
FROM "WorkflowCheckpoints" AS "w"
WHERE "w"."ProjectId" = @__projectId_0
LIMIT 1
2026-07-23 11:07:34.684 [INF] Executed DbCommand (0ms) [Parameters=[@p2='?' (DbType = Int64), @p0='?' (Size = 1800), @p1='?' (DbType = DateTime)], CommandType='"Text"', CommandTimeout='30']
UPDATE "WorkflowCheckpoints" SET "CheckpointsJson" = @p0, "UpdatedAtUtc" = @p1
WHERE "Id" = @p2
RETURNING 1;
2026-07-23 09:07:34.685 [INF] step_start:NpmInstall
2026-07-23 09:07:34.695 [INF] step_start:Architecture
2026-07-23 11:07:34.696 [INF] Executed DbCommand (0ms) [Parameters=[@__projectId_0='?' (DbType = Int64)], CommandType='"Text"', CommandTimeout='30']
SELECT "w"."Id", "w"."CheckpointsJson", "w"."ProjectId", "w"."UpdatedAtUtc"
FROM "WorkflowCheckpoints" AS "w"
WHERE "w"."ProjectId" = @__projectId_0
LIMIT 1
2026-07-23 11:07:34.697 [INF] Executed DbCommand (0ms) [Parameters=[@p2='?' (DbType = Int64), @p0='?' (Size = 1825), @p1='?' (DbType = DateTime)], CommandType='"Text"', CommandTimeout='30']
UPDATE "WorkflowCheckpoints" SET "CheckpointsJson" = @p0, "UpdatedAtUtc" = @p1
WHERE "Id" = @p2
RETURNING 1;
2026-07-23 11:07:46.101 [INF] RUN_NPM_COMMAND_ON_VOLUME: Run npm install on volume 9b4235eb-da8e-40b2-8bdc-bc883648ae1c at path /app/fleet-services-agency - Exit code: 0

added 225 packages, and audited 226 packages in 10s

57 packages are looking for funding
  run `npm fund` for details

8 vulnerabilities (1 low, 1 moderate, 6 high)

To address all issues, run:
  npm audit fix

Run `npm audit` for details.


STDERR:
npm notice
npm notice New major version of npm available! 10.8.2 -> 12.0.1
npm notice Changelog: https://github.com/npm/cli/releases/tag/v12.0.1
npm notice To update run: npm install -g npm@12.0.1
npm notice
2026-07-23 11:07:46.173 [INF] NPM_INSTALL: Completed for volume 9b4235eb-da8e-40b2-8bdc-bc883648ae1c
2026-07-23 11:07:46.174 [INF] Executed DbCommand (0ms) [Parameters=[@__projectId_0='?' (DbType = Int64)], CommandType='"Text"', CommandTimeout='30']
SELECT "w"."Id", "w"."CheckpointsJson", "w"."ProjectId", "w"."UpdatedAtUtc"
FROM "WorkflowCheckpoints" AS "w"
WHERE "w"."ProjectId" = @__projectId_0
LIMIT 1
2026-07-23 11:07:46.175 [INF] Executed DbCommand (0ms) [Parameters=[@p2='?' (DbType = Int64), @p0='?' (Size = 1851), @p1='?' (DbType = DateTime)], CommandType='"Text"', CommandTimeout='30']
UPDATE "WorkflowCheckpoints" SET "CheckpointsJson" = @p0, "UpdatedAtUtc" = @p1
WHERE "Id" = @p2
RETURNING 1;
2026-07-23 09:07:46.176 [INF] step_done:NpmInstall
2026-07-23 11:08:45.917 [INF] BATCH_WRITE_FILES_TO_VOLUME: Attempting to write 46 files to volume '9b4235eb-da8e-40b2-8bdc-bc883648ae1c'
2026-07-23 11:08:47.601 [INF] BATCH_WRITE_FILES_TO_VOLUME: Wrote 46/46 files successfully to volume '9b4235eb-da8e-40b2-8bdc-bc883648ae1c'
2026-07-23 11:08:57.955 [INF] BATCH_READ_FILES_FROM_VOLUME: Attempting to read 66 files from volume '9b4235eb-da8e-40b2-8bdc-bc883648ae1c'
2026-07-23 11:08:57.955 [INF] BATCH_READ_FILES_FROM_VOLUME: Attempting to read 66 files from volume '9b4235eb-da8e-40b2-8bdc-bc883648ae1c'
2026-07-23 11:08:57.956 [INF] BATCH_READ_FILES_FROM_VOLUME: Attempting to read 66 files from volume '9b4235eb-da8e-40b2-8bdc-bc883648ae1c'
2026-07-23 11:08:57.956 [INF] BATCH_READ_FILES_FROM_VOLUME: Attempting to read 36 files from volume '9b4235eb-da8e-40b2-8bdc-bc883648ae1c'
2026-07-23 11:08:57.956 [INF] BATCH_READ_FILES_FROM_VOLUME: Attempting to read 36 files from volume '9b4235eb-da8e-40b2-8bdc-bc883648ae1c'
2026-07-23 11:08:57.956 [INF] BATCH_READ_FILES_FROM_VOLUME: Attempting to read 6 files from volume '9b4235eb-da8e-40b2-8bdc-bc883648ae1c'
2026-07-23 11:08:57.956 [INF] BATCH_READ_FILES_FROM_VOLUME: Attempting to read 6 files from volume '9b4235eb-da8e-40b2-8bdc-bc883648ae1c'
2026-07-23 11:08:59.409 [INF] BATCH_READ_FILES_FROM_VOLUME: Read 0/6 files successfully from volume '9b4235eb-da8e-40b2-8bdc-bc883648ae1c'
2026-07-23 11:09:00.039 [INF] BATCH_READ_FILES_FROM_VOLUME: Read 0/6 files successfully from volume '9b4235eb-da8e-40b2-8bdc-bc883648ae1c'
2026-07-23 11:09:00.354 [INF] BATCH_READ_FILES_FROM_VOLUME: Read 0/36 files successfully from volume '9b4235eb-da8e-40b2-8bdc-bc883648ae1c'
2026-07-23 11:09:00.720 [INF] BATCH_READ_FILES_FROM_VOLUME: Read 0/36 files successfully from volume '9b4235eb-da8e-40b2-8bdc-bc883648ae1c'
2026-07-23 11:09:01.652 [INF] BATCH_READ_FILES_FROM_VOLUME: Read 0/66 files successfully from volume '9b4235eb-da8e-40b2-8bdc-bc883648ae1c'
2026-07-23 11:09:01.914 [INF] BATCH_READ_FILES_FROM_VOLUME: Read 0/66 files successfully from volume '9b4235eb-da8e-40b2-8bdc-bc883648ae1c'
2026-07-23 11:09:01.955 [INF] BATCH_READ_FILES_FROM_VOLUME: Read 0/66 files successfully from volume '9b4235eb-da8e-40b2-8bdc-bc883648ae1c'
2026-07-23 11:09:09.890 [INF] BATCH_WRITE_FILES_TO_VOLUME: Attempting to write 1 files to volume '9b4235eb-da8e-40b2-8bdc-bc883648ae1c'
2026-07-23 11:09:10.575 [INF] BATCH_WRITE_FILES_TO_VOLUME: Wrote 1/1 files successfully to volume '9b4235eb-da8e-40b2-8bdc-bc883648ae1c'
2026-07-23 11:09:10.742 [INF] BATCH_WRITE_FILES_TO_VOLUME: Attempting to write 1 files to volume '9b4235eb-da8e-40b2-8bdc-bc883648ae1c'
2026-07-23 11:09:11.071 [INF] BATCH_WRITE_FILES_TO_VOLUME: Attempting to write 4 files to volume '9b4235eb-da8e-40b2-8bdc-bc883648ae1c'
2026-07-23 11:09:11.119 [INF] BATCH_WRITE_FILES_TO_VOLUME: Attempting to write 4 files to volume '9b4235eb-da8e-40b2-8bdc-bc883648ae1c'
2026-07-23 11:09:11.655 [INF] BATCH_WRITE_FILES_TO_VOLUME: Wrote 1/1 files successfully to volume '9b4235eb-da8e-40b2-8bdc-bc883648ae1c'
2026-07-23 11:09:12.082 [INF] BATCH_WRITE_FILES_TO_VOLUME: Wrote 4/4 files successfully to volume '9b4235eb-da8e-40b2-8bdc-bc883648ae1c'
2026-07-23 11:09:12.139 [INF] BATCH_WRITE_FILES_TO_VOLUME: Wrote 4/4 files successfully to volume '9b4235eb-da8e-40b2-8bdc-bc883648ae1c'
2026-07-23 11:09:12.427 [INF] BATCH_WRITE_FILES_TO_VOLUME: Attempting to write 6 files to volume '9b4235eb-da8e-40b2-8bdc-bc883648ae1c'
2026-07-23 11:09:12.613 [INF] BATCH_WRITE_FILES_TO_VOLUME: Attempting to write 6 files to volume '9b4235eb-da8e-40b2-8bdc-bc883648ae1c'
2026-07-23 11:09:12.804 [INF] BATCH_WRITE_FILES_TO_VOLUME: Attempting to write 6 files to volume '9b4235eb-da8e-40b2-8bdc-bc883648ae1c'
2026-07-23 11:09:13.564 [INF] BATCH_WRITE_FILES_TO_VOLUME: Wrote 6/6 files successfully to volume '9b4235eb-da8e-40b2-8bdc-bc883648ae1c'
2026-07-23 11:09:13.831 [INF] BATCH_WRITE_FILES_TO_VOLUME: Wrote 6/6 files successfully to volume '9b4235eb-da8e-40b2-8bdc-bc883648ae1c'
2026-07-23 11:09:13.891 [INF] BATCH_WRITE_FILES_TO_VOLUME: Wrote 6/6 files successfully to volume '9b4235eb-da8e-40b2-8bdc-bc883648ae1c'
2026-07-23 11:09:24.561 [INF] Executed DbCommand (0ms) [Parameters=[@__projectId_0='?' (DbType = Int64)], CommandType='"Text"', CommandTimeout='30']
SELECT "w"."Id", "w"."CheckpointsJson", "w"."ProjectId", "w"."UpdatedAtUtc"
FROM "WorkflowCheckpoints" AS "w"
WHERE "w"."ProjectId" = @__projectId_0
LIMIT 1
2026-07-23 11:09:24.562 [INF] Executed DbCommand (0ms) [Parameters=[@p2='?' (DbType = Int64), @p0='?' (Size = 1877), @p1='?' (DbType = DateTime)], CommandType='"Text"', CommandTimeout='30']
UPDATE "WorkflowCheckpoints" SET "CheckpointsJson" = @p0, "UpdatedAtUtc" = @p1
WHERE "Id" = @p2
RETURNING 1;
2026-07-23 09:09:24.562 [INF] step_done:Architecture
2026-07-23 09:09:24.567 [INF] step_start:Collection
2026-07-23 11:09:24.567 [INF] Executed DbCommand (0ms) [Parameters=[@__projectId_0='?' (DbType = Int64)], CommandType='"Text"', CommandTimeout='30']
SELECT "w"."Id", "w"."CheckpointsJson", "w"."ProjectId", "w"."UpdatedAtUtc"
FROM "WorkflowCheckpoints" AS "w"
WHERE "w"."ProjectId" = @__projectId_0
LIMIT 1
2026-07-23 11:09:24.568 [INF] Executed DbCommand (0ms) [Parameters=[@p2='?' (DbType = Int64), @p0='?' (Size = 1902), @p1='?' (DbType = DateTime)], CommandType='"Text"', CommandTimeout='30']
UPDATE "WorkflowCheckpoints" SET "CheckpointsJson" = @p0, "UpdatedAtUtc" = @p1
WHERE "Id" = @p2
RETURNING 1;
2026-07-23 11:09:24.574 [INF] BATCH_READ_FILES_FROM_VOLUME: Attempting to read 9 files from volume '9b4235eb-da8e-40b2-8bdc-bc883648ae1c'
2026-07-23 11:09:25.218 [INF] BATCH_READ_FILES_FROM_VOLUME: Read 9/9 files successfully from volume '9b4235eb-da8e-40b2-8bdc-bc883648ae1c'
2026-07-23 11:09:35.620 [INF] BATCH_READ_FILES_FROM_VOLUME: Attempting to read 36 files from volume '9b4235eb-da8e-40b2-8bdc-bc883648ae1c'
2026-07-23 11:09:36.923 [INF] BATCH_READ_FILES_FROM_VOLUME: Read 36/36 files successfully from volume '9b4235eb-da8e-40b2-8bdc-bc883648ae1c'
2026-07-23 11:10:57.141 [INF] WRITE_FILE_TO_VOLUME: Wrote file 'fleet-services-agency/.architecture/collections/services/items.json' to volume '9b4235eb-da8e-40b2-8bdc-bc883648ae1c'
2026-07-23 11:10:57.175 [INF] WRITE_FILE_TO_VOLUME: Wrote file 'fleet-services-agency/.architecture/collections/services/_schema.json' to volume '9b4235eb-da8e-40b2-8bdc-bc883648ae1c'
2026-07-23 11:11:07.749 [INF] Executed DbCommand (0ms) [Parameters=[@__projectId_0='?' (DbType = Int64)], CommandType='"Text"', CommandTimeout='30']
SELECT "w"."Id", "w"."CheckpointsJson", "w"."ProjectId", "w"."UpdatedAtUtc"
FROM "WorkflowCheckpoints" AS "w"
WHERE "w"."ProjectId" = @__projectId_0
LIMIT 1
2026-07-23 11:11:07.749 [INF] Executed DbCommand (0ms) [Parameters=[@p2='?' (DbType = Int64), @p0='?' (Size = 1928), @p1='?' (DbType = DateTime)], CommandType='"Text"', CommandTimeout='30']
UPDATE "WorkflowCheckpoints" SET "CheckpointsJson" = @p0, "UpdatedAtUtc" = @p1
WHERE "Id" = @p2
RETURNING 1;
2026-07-23 09:11:07.750 [INF] step_done:Collection
2026-07-23 11:11:07.757 [INF] Executed DbCommand (0ms) [Parameters=[@__projectId_0='?' (DbType = Int64)], CommandType='"Text"', CommandTimeout='30']
SELECT "w"."Id", "w"."CheckpointsJson", "w"."ProjectId", "w"."UpdatedAtUtc"
FROM "WorkflowCheckpoints" AS "w"
WHERE "w"."ProjectId" = @__projectId_0
LIMIT 1
2026-07-23 11:11:07.757 [INF] Executed DbCommand (0ms) [Parameters=[@p2='?' (DbType = Int64), @p0='?' (Size = 1953), @p1='?' (DbType = DateTime)], CommandType='"Text"', CommandTimeout='30']
UPDATE "WorkflowCheckpoints" SET "CheckpointsJson" = @p0, "UpdatedAtUtc" = @p1
WHERE "Id" = @p2
RETURNING 1;
2026-07-23 11:11:07.758 [INF] BATCH_READ_FILES_FROM_VOLUME: Attempting to read 9 files from volume '9b4235eb-da8e-40b2-8bdc-bc883648ae1c'
2026-07-23 09:11:07.758 [INF] step_start:UXUIDesigner
2026-07-23 09:11:07.764 [INF] step_start:Content
2026-07-23 11:11:07.765 [INF] Executed DbCommand (0ms) [Parameters=[@__projectId_0='?' (DbType = Int64)], CommandType='"Text"', CommandTimeout='30']
SELECT "w"."Id", "w"."CheckpointsJson", "w"."ProjectId", "w"."UpdatedAtUtc"
FROM "WorkflowCheckpoints" AS "w"
WHERE "w"."ProjectId" = @__projectId_0
LIMIT 1
2026-07-23 11:11:07.765 [INF] Executed DbCommand (0ms) [Parameters=[@p2='?' (DbType = Int64), @p0='?' (Size = 1978), @p1='?' (DbType = DateTime)], CommandType='"Text"', CommandTimeout='30']
UPDATE "WorkflowCheckpoints" SET "CheckpointsJson" = @p0, "UpdatedAtUtc" = @p1
WHERE "Id" = @p2
RETURNING 1;
2026-07-23 11:11:07.766 [INF] BATCH_READ_FILES_FROM_VOLUME: Attempting to read 9 files from volume '9b4235eb-da8e-40b2-8bdc-bc883648ae1c'
2026-07-23 11:11:08.905 [INF] BATCH_READ_FILES_FROM_VOLUME: Read 9/9 files successfully from volume '9b4235eb-da8e-40b2-8bdc-bc883648ae1c'
2026-07-23 11:11:08.956 [INF] BATCH_READ_FILES_FROM_VOLUME: Read 9/9 files successfully from volume '9b4235eb-da8e-40b2-8bdc-bc883648ae1c'
2026-07-23 11:11:19.395 [INF] BATCH_READ_FILES_FROM_VOLUME: Attempting to read 36 files from volume '9b4235eb-da8e-40b2-8bdc-bc883648ae1c'
2026-07-23 11:11:19.548 [INF] BATCH_READ_FILES_FROM_VOLUME: Attempting to read 36 files from volume '9b4235eb-da8e-40b2-8bdc-bc883648ae1c'
2026-07-23 11:11:21.445 [INF] BATCH_READ_FILES_FROM_VOLUME: Read 36/36 files successfully from volume '9b4235eb-da8e-40b2-8bdc-bc883648ae1c'
2026-07-23 11:11:21.485 [INF] BATCH_READ_FILES_FROM_VOLUME: Read 36/36 files successfully from volume '9b4235eb-da8e-40b2-8bdc-bc883648ae1c'
2026-07-23 09:11:31.996 [INF] content_init:{"pages":[{"name":"index","sections":["HeroSplitSection","BenefitsSection","AboutImageSection","ProcessSection","StatsSection","CtaBannerSection"]},{"name":"about","sections":["HeroSplitSection","AboutImageSection","BenefitsSection","ProcessSection","StatsSection","CtaBannerSection"]},{"name":"services","sections":["HeroSplitSection","BenefitsSection","ProcessSection","ServicesGridSection","StatsSection","CtaBannerSection"]},{"name":"service-detail","sections":["ServiceDetailSection","RelatedServicesSection","CtaBannerSection","ContactSplitSection"]},{"name":"contact","sections":["MapSection","StatsSection","CtaBannerSection","ContactSplitSection"]},{"name":"privacy","sections":["TextProseSection"]},{"name":"terms","sections":["TextProseSection"]}]}
2026-07-23 11:11:31.997 [INF] Executed DbCommand (0ms) [Parameters=[@__projectId_0='?' (DbType = Int64)], CommandType='"Text"', CommandTimeout='30']
SELECT "w"."Id", "w"."CheckpointsJson", "w"."ProjectId", "w"."UpdatedAtUtc"
FROM "WorkflowCheckpoints" AS "w"
WHERE "w"."ProjectId" = @__projectId_0
LIMIT 1
2026-07-23 11:11:31.998 [INF] Executed DbCommand (0ms) [Parameters=[@p2='?' (DbType = Int64), @p0='?' (Size = 3341), @p1='?' (DbType = DateTime)], CommandType='"Text"', CommandTimeout='30']
UPDATE "WorkflowCheckpoints" SET "CheckpointsJson" = @p0, "UpdatedAtUtc" = @p1
WHERE "Id" = @p2
RETURNING 1;
2026-07-23 11:11:32.011 [INF] READ_FILE_FROM_VOLUME: Attempting to read 'fleet-services-agency/.architecture/page_sections/index/01-HeroSplitSection.json' from volume '9b4235eb-da8e-40b2-8bdc-bc883648ae1c'
2026-07-23 11:11:32.013 [INF] READ_FILE_FROM_VOLUME: Attempting to read 'fleet-services-agency/.architecture/page_sections/about/01-HeroSplitSection.json' from volume '9b4235eb-da8e-40b2-8bdc-bc883648ae1c'
2026-07-23 11:11:32.013 [INF] READ_FILE_FROM_VOLUME: Attempting to read 'fleet-services-agency/.architecture/page_sections/services/01-HeroSplitSection.json' from volume '9b4235eb-da8e-40b2-8bdc-bc883648ae1c'
2026-07-23 11:11:32.014 [INF] READ_FILE_FROM_VOLUME: Attempting to read 'fleet-services-agency/.architecture/page_sections/service-detail/01-ServiceDetailSection.json' from volume '9b4235eb-da8e-40b2-8bdc-bc883648ae1c'
2026-07-23 11:11:32.014 [INF] READ_FILE_FROM_VOLUME: Attempting to read 'fleet-services-agency/.architecture/page_sections/contact/01-MapSection.json' from volume '9b4235eb-da8e-40b2-8bdc-bc883648ae1c'
2026-07-23 11:11:32.014 [INF] READ_FILE_FROM_VOLUME: Attempting to read 'fleet-services-agency/.architecture/page_sections/privacy/01-TextProseSection.json' from volume '9b4235eb-da8e-40b2-8bdc-bc883648ae1c'
2026-07-23 11:11:32.014 [INF] READ_FILE_FROM_VOLUME: Attempting to read 'fleet-services-agency/.architecture/page_sections/terms/01-TextProseSection.json' from volume '9b4235eb-da8e-40b2-8bdc-bc883648ae1c'
2026-07-23 11:11:32.014 [INF] ContentExecutor: page '404' has no sections — skipping.
2026-07-23 11:11:32.107 [INF] DesignerExecutor: attempt 1/3
2026-07-23 11:11:32.779 [INF] READ_FILE_FROM_VOLUME: Successfully read 'fleet-services-agency/.architecture/page_sections/index/01-HeroSplitSection.json' (45 bytes)
2026-07-23 11:11:32.988 [INF] READ_FILE_FROM_VOLUME: Successfully read 'fleet-services-agency/.architecture/page_sections/services/01-HeroSplitSection.json' (45 bytes)
2026-07-23 11:11:33.129 [INF] READ_FILE_FROM_VOLUME: Successfully read 'fleet-services-agency/.architecture/page_sections/about/01-HeroSplitSection.json' (45 bytes)
2026-07-23 11:11:33.449 [INF] READ_FILE_FROM_VOLUME: Successfully read 'fleet-services-agency/.architecture/page_sections/service-detail/01-ServiceDetailSection.json' (49 bytes)
2026-07-23 11:11:33.487 [INF] READ_FILE_FROM_VOLUME: Successfully read 'fleet-services-agency/.architecture/page_sections/terms/01-TextProseSection.json' (45 bytes)
2026-07-23 11:11:33.733 [INF] READ_FILE_FROM_VOLUME: Successfully read 'fleet-services-agency/.architecture/page_sections/contact/01-MapSection.json' (39 bytes)
2026-07-23 11:11:33.899 [INF] READ_FILE_FROM_VOLUME: Successfully read 'fleet-services-agency/.architecture/page_sections/privacy/01-TextProseSection.json' (45 bytes)
2026-07-23 11:11:53.312 [INF] WRITE_FILE_TO_VOLUME: Wrote file 'fleet-services-agency/.architecture/page_sections/about/01-HeroSplitSection.json' to volume '9b4235eb-da8e-40b2-8bdc-bc883648ae1c'
2026-07-23 11:11:53.475 [INF] WRITE_FILE_TO_VOLUME: Wrote file 'fleet-services-agency/.architecture/page_sections/services/01-HeroSplitSection.json' to volume '9b4235eb-da8e-40b2-8bdc-bc883648ae1c'
2026-07-23 11:11:56.835 [INF] WRITE_FILE_TO_VOLUME: Wrote file 'fleet-services-agency/.architecture/page_sections/service-detail/01-ServiceDetailSection.json' to volume '9b4235eb-da8e-40b2-8bdc-bc883648ae1c'
2026-07-23 11:11:58.304 [INF] WRITE_FILE_TO_VOLUME: Wrote file 'fleet-services-agency/.architecture/page_sections/terms/01-TextProseSection.json' to volume '9b4235eb-da8e-40b2-8bdc-bc883648ae1c'
2026-07-23 11:11:59.817 [INF] WRITE_FILE_TO_VOLUME: Wrote file 'fleet-services-agency/.architecture/page_sections/index/01-HeroSplitSection.json' to volume '9b4235eb-da8e-40b2-8bdc-bc883648ae1c'
2026-07-23 11:12:00.145 [INF] WRITE_FILE_TO_VOLUME: Wrote file 'fleet-services-agency/.architecture/page_sections/privacy/01-TextProseSection.json' to volume '9b4235eb-da8e-40b2-8bdc-bc883648ae1c'
2026-07-23 09:12:03.882 [INF] content_section_done:about/HeroSplitSection
2026-07-23 11:12:03.882 [INF] READ_FILE_FROM_VOLUME: Attempting to read 'fleet-services-agency/.architecture/page_sections/about/02-AboutImageSection.json' from volume '9b4235eb-da8e-40b2-8bdc-bc883648ae1c'
2026-07-23 11:12:04.012 [INF] READ_FILE_FROM_VOLUME: Attempting to read 'fleet-services-agency/.architecture/page_sections/services/02-BenefitsSection.json' from volume '9b4235eb-da8e-40b2-8bdc-bc883648ae1c'
2026-07-23 09:12:04.012 [INF] content_section_done:services/HeroSplitSection
2026-07-23 11:12:04.699 [INF] READ_FILE_FROM_VOLUME: Successfully read 'fleet-services-agency/.architecture/page_sections/services/02-BenefitsSection.json' (44 bytes)
2026-07-23 11:12:04.751 [INF] READ_FILE_FROM_VOLUME: Successfully read 'fleet-services-agency/.architecture/page_sections/about/02-AboutImageSection.json' (46 bytes)
2026-07-23 09:12:07.201 [INF] content_section_done:service-detail/ServiceDetailSection
2026-07-23 11:12:07.201 [INF] READ_FILE_FROM_VOLUME: Attempting to read 'fleet-services-agency/.architecture/page_sections/service-detail/02-RelatedServicesSection.json' from volume '9b4235eb-da8e-40b2-8bdc-bc883648ae1c'
2026-07-23 11:12:07.817 [INF] READ_FILE_FROM_VOLUME: Successfully read 'fleet-services-agency/.architecture/page_sections/service-detail/02-RelatedServicesSection.json' (51 bytes)
2026-07-23 09:12:08.698 [INF] content_section_done:terms/TextProseSection
2026-07-23 11:12:10.177 [INF] READ_FILE_FROM_VOLUME: Attempting to read 'fleet-services-agency/.architecture/page_sections/index/02-BenefitsSection.json' from volume '9b4235eb-da8e-40b2-8bdc-bc883648ae1c'
2026-07-23 09:12:10.177 [INF] content_section_done:index/HeroSplitSection
2026-07-23 09:12:10.558 [INF] content_section_done:privacy/TextProseSection
2026-07-23 11:12:10.869 [INF] READ_FILE_FROM_VOLUME: Successfully read 'fleet-services-agency/.architecture/page_sections/index/02-BenefitsSection.json' (44 bytes)
2026-07-23 11:12:25.966 [INF] WRITE_FILE_TO_VOLUME: Wrote file 'fleet-services-agency/.architecture/page_sections/service-detail/02-RelatedServicesSection.json' to volume '9b4235eb-da8e-40b2-8bdc-bc883648ae1c'
2026-07-23 11:12:26.925 [INF] WRITE_FILE_TO_VOLUME: Wrote file 'fleet-services-agency/.architecture/page_sections/services/02-BenefitsSection.json' to volume '9b4235eb-da8e-40b2-8bdc-bc883648ae1c'
2026-07-23 11:12:26.930 [INF] WRITE_FILE_TO_VOLUME: Wrote file 'fleet-services-agency/.architecture/page_sections/about/02-AboutImageSection.json' to volume '9b4235eb-da8e-40b2-8bdc-bc883648ae1c'
2026-07-23 11:12:35.181 [INF] WRITE_FILE_TO_VOLUME: Wrote file 'fleet-services-agency/.architecture/page_sections/index/02-BenefitsSection.json' to volume '9b4235eb-da8e-40b2-8bdc-bc883648ae1c'
2026-07-23 11:12:36.312 [INF] READ_FILE_FROM_VOLUME: Attempting to read 'fleet-services-agency/.architecture/page_sections/service-detail/03-CtaBannerSection.json' from volume '9b4235eb-da8e-40b2-8bdc-bc883648ae1c'
2026-07-23 09:12:36.312 [INF] content_section_done:service-detail/RelatedServicesSection
2026-07-23 11:12:36.849 [INF] READ_FILE_FROM_VOLUME: Successfully read 'fleet-services-agency/.architecture/page_sections/service-detail/03-CtaBannerSection.json' (45 bytes)
2026-07-23 09:12:37.359 [INF] content_section_done:services/BenefitsSection
2026-07-23 11:12:37.359 [INF] READ_FILE_FROM_VOLUME: Attempting to read 'fleet-services-agency/.architecture/page_sections/services/03-ProcessSection.json' from volume '9b4235eb-da8e-40b2-8bdc-bc883648ae1c'
2026-07-23 11:12:37.500 [INF] READ_FILE_FROM_VOLUME: Attempting to read 'fleet-services-agency/.architecture/page_sections/about/03-BenefitsSection.json' from volume '9b4235eb-da8e-40b2-8bdc-bc883648ae1c'
2026-07-23 09:12:37.500 [INF] content_section_done:about/AboutImageSection
2026-07-23 11:12:38.250 [INF] READ_FILE_FROM_VOLUME: Successfully read 'fleet-services-agency/.architecture/page_sections/about/03-BenefitsSection.json' (44 bytes)
2026-07-23 11:12:38.264 [INF] READ_FILE_FROM_VOLUME: Successfully read 'fleet-services-agency/.architecture/page_sections/services/03-ProcessSection.json' (43 bytes)
2026-07-23 11:12:40.436 [WRN] ContentExecutor [contact/MapSection] QA failed on attempt 1: page "contact": section content key "embedUrl" is missing or empty — Content agent must write it
2026-07-23 11:12:45.488 [INF] READ_FILE_FROM_VOLUME: Attempting to read 'fleet-services-agency/.architecture/page_sections/index/03-AboutImageSection.json' from volume '9b4235eb-da8e-40b2-8bdc-bc883648ae1c'
2026-07-23 09:12:45.488 [INF] content_section_done:index/BenefitsSection
2026-07-23 11:12:46.003 [INF] READ_FILE_FROM_VOLUME: Successfully read 'fleet-services-agency/.architecture/page_sections/index/03-AboutImageSection.json' (46 bytes)
2026-07-23 11:12:53.773 [INF] WRITE_FILE_TO_VOLUME: Wrote file 'fleet-services-agency/.architecture/page_sections/contact/01-MapSection.json' to volume '9b4235eb-da8e-40b2-8bdc-bc883648ae1c'
2026-07-23 11:12:57.546 [INF] WRITE_FILE_TO_VOLUME: Wrote file 'fleet-services-agency/.architecture/page_sections/service-detail/03-CtaBannerSection.json' to volume '9b4235eb-da8e-40b2-8bdc-bc883648ae1c'
2026-07-23 11:12:58.807 [INF] WRITE_FILE_TO_VOLUME: Wrote file 'fleet-services-agency/.architecture/page_sections/about/03-BenefitsSection.json' to volume '9b4235eb-da8e-40b2-8bdc-bc883648ae1c'
2026-07-23 11:12:58.807 [INF] WRITE_FILE_TO_VOLUME: Wrote file 'fleet-services-agency/.architecture/page_sections/services/03-ProcessSection.json' to volume '9b4235eb-da8e-40b2-8bdc-bc883648ae1c'
2026-07-23 09:13:04.112 [INF] content_section_done:contact/MapSection
2026-07-23 11:13:04.112 [INF] READ_FILE_FROM_VOLUME: Attempting to read 'fleet-services-agency/.architecture/page_sections/contact/02-StatsSection.json' from volume '9b4235eb-da8e-40b2-8bdc-bc883648ae1c'
2026-07-23 11:13:04.607 [INF] READ_FILE_FROM_VOLUME: Successfully read 'fleet-services-agency/.architecture/page_sections/contact/02-StatsSection.json' (41 bytes)
2026-07-23 09:13:07.915 [INF] content_section_done:service-detail/CtaBannerSection
2026-07-23 11:13:07.915 [INF] READ_FILE_FROM_VOLUME: Attempting to read 'fleet-services-agency/.architecture/page_sections/service-detail/04-ContactSplitSection.json' from volume '9b4235eb-da8e-40b2-8bdc-bc883648ae1c'
2026-07-23 11:13:08.379 [INF] READ_FILE_FROM_VOLUME: Successfully read 'fleet-services-agency/.architecture/page_sections/service-detail/04-ContactSplitSection.json' (48 bytes)
2026-07-23 11:13:09.330 [INF] READ_FILE_FROM_VOLUME: Attempting to read 'fleet-services-agency/.architecture/page_sections/services/04-ServicesGridSection.json' from volume '9b4235eb-da8e-40b2-8bdc-bc883648ae1c'
2026-07-23 09:13:09.330 [INF] content_section_done:services/ProcessSection
2026-07-23 09:13:09.466 [INF] content_section_done:about/BenefitsSection
2026-07-23 11:13:09.466 [INF] READ_FILE_FROM_VOLUME: Attempting to read 'fleet-services-agency/.architecture/page_sections/about/04-ProcessSection.json' from volume '9b4235eb-da8e-40b2-8bdc-bc883648ae1c'
2026-07-23 11:13:10.269 [INF] READ_FILE_FROM_VOLUME: Successfully read 'fleet-services-agency/.architecture/page_sections/about/04-ProcessSection.json' (43 bytes)
2026-07-23 11:13:10.625 [INF] WRITE_FILE_TO_VOLUME: Wrote file 'fleet-services-agency/.architecture/page_sections/index/03-AboutImageSection.json' to volume '9b4235eb-da8e-40b2-8bdc-bc883648ae1c'
2026-07-23 11:13:10.636 [INF] READ_FILE_FROM_VOLUME: Successfully read 'fleet-services-agency/.architecture/page_sections/services/04-ServicesGridSection.json' (233 bytes)
2026-07-23 11:13:13.302 [INF] WRITE_FILE_TO_VOLUME: Wrote file 'fleet-services-agency/.architecture/design.json' to volume '9b4235eb-da8e-40b2-8bdc-bc883648ae1c'
2026-07-23 11:13:21.161 [INF] READ_FILE_FROM_VOLUME: Attempting to read 'fleet-services-agency/.architecture/page_sections/index/04-ProcessSection.json' from volume '9b4235eb-da8e-40b2-8bdc-bc883648ae1c'
2026-07-23 09:13:21.161 [INF] content_section_done:index/AboutImageSection
2026-07-23 11:13:21.834 [INF] READ_FILE_FROM_VOLUME: Successfully read 'fleet-services-agency/.architecture/page_sections/index/04-ProcessSection.json' (43 bytes)
2026-07-23 11:13:24.165 [INF] WRITE_FILE_TO_VOLUME: Wrote file 'fleet-services-agency/src/index.css' to volume '9b4235eb-da8e-40b2-8bdc-bc883648ae1c'
2026-07-23 11:13:24.528 [INF] WRITE_FILE_TO_VOLUME: Wrote file 'fleet-services-agency/.architecture/page_sections/contact/02-StatsSection.json' to volume '9b4235eb-da8e-40b2-8bdc-bc883648ae1c'
2026-07-23 11:13:29.633 [WRN] ContentExecutor [service-detail/ContactSplitSection] QA failed on attempt 1: page "service-detail": section content key "address" is missing or empty — Content agent must write it; page "service-detail": section content key "phone" is missing or empty — Content agent must write it; page "service-detail": section content key "email" is missing or empty — Content agent must write it; page "service-detail": section content key "hours" is missing or empty — Content agent must write it
2026-07-23 11:13:30.617 [INF] WRITE_FILE_TO_VOLUME: Wrote file 'fleet-services-agency/.architecture/page_sections/about/04-ProcessSection.json' to volume '9b4235eb-da8e-40b2-8bdc-bc883648ae1c'
2026-07-23 11:13:30.672 [INF] WRITE_FILE_TO_VOLUME: Wrote file 'fleet-services-agency/.architecture/page_sections/services/04-ServicesGridSection.json' to volume '9b4235eb-da8e-40b2-8bdc-bc883648ae1c'
2026-07-23 11:13:34.598 [INF] Executed DbCommand (0ms) [Parameters=[@__projectId_0='?' (DbType = Int64)], CommandType='"Text"', CommandTimeout='30']
SELECT "w"."Id", "w"."CheckpointsJson", "w"."ProjectId", "w"."UpdatedAtUtc"
FROM "WorkflowCheckpoints" AS "w"
WHERE "w"."ProjectId" = @__projectId_0
LIMIT 1
2026-07-23 11:13:34.599 [INF] Executed DbCommand (0ms) [Parameters=[@p2='?' (DbType = Int64), @p0='?' (Size = 3367), @p1='?' (DbType = DateTime)], CommandType='"Text"', CommandTimeout='30']
UPDATE "WorkflowCheckpoints" SET "CheckpointsJson" = @p0, "UpdatedAtUtc" = @p1
WHERE "Id" = @p2
RETURNING 1;
2026-07-23 09:13:34.600 [INF] step_done:UXUIDesigner
2026-07-23 11:13:34.887 [INF] READ_FILE_FROM_VOLUME: Attempting to read 'fleet-services-agency/.architecture/page_sections/contact/03-CtaBannerSection.json' from volume '9b4235eb-da8e-40b2-8bdc-bc883648ae1c'
2026-07-23 09:13:34.887 [INF] content_section_done:contact/StatsSection
2026-07-23 11:13:35.277 [INF] READ_FILE_FROM_VOLUME: Successfully read 'fleet-services-agency/.architecture/page_sections/contact/03-CtaBannerSection.json' (45 bytes)
2026-07-23 11:13:41.096 [INF] READ_FILE_FROM_VOLUME: Attempting to read 'fleet-services-agency/.architecture/page_sections/about/05-StatsSection.json' from volume '9b4235eb-da8e-40b2-8bdc-bc883648ae1c'
2026-07-23 09:13:41.096 [INF] content_section_done:about/ProcessSection
2026-07-23 11:13:41.326 [INF] READ_FILE_FROM_VOLUME: Attempting to read 'fleet-services-agency/.architecture/page_sections/services/05-StatsSection.json' from volume '9b4235eb-da8e-40b2-8bdc-bc883648ae1c'
2026-07-23 09:13:41.326 [INF] content_section_done:services/ServicesGridSection
2026-07-23 11:13:42.088 [INF] READ_FILE_FROM_VOLUME: Successfully read 'fleet-services-agency/.architecture/page_sections/about/05-StatsSection.json' (41 bytes)
2026-07-23 11:13:42.094 [INF] READ_FILE_FROM_VOLUME: Successfully read 'fleet-services-agency/.architecture/page_sections/services/05-StatsSection.json' (41 bytes)
2026-07-23 11:13:42.824 [INF] WRITE_FILE_TO_VOLUME: Wrote file 'fleet-services-agency/.architecture/page_sections/service-detail/04-ContactSplitSection.json' to volume '9b4235eb-da8e-40b2-8bdc-bc883648ae1c'
2026-07-23 11:13:47.204 [WRN] ContentExecutor [contact/CtaBannerSection] contentJson could not be parsed.
2026-07-23 11:13:47.984 [INF] WRITE_FILE_TO_VOLUME: Wrote file 'fleet-services-agency/.architecture/page_sections/index/04-ProcessSection.json' to volume '9b4235eb-da8e-40b2-8bdc-bc883648ae1c'
2026-07-23 09:13:53.276 [INF] content_section_done:service-detail/ContactSplitSection
2026-07-23 09:13:58.337 [INF] content_section_done:index/ProcessSection
2026-07-23 11:13:58.337 [INF] READ_FILE_FROM_VOLUME: Attempting to read 'fleet-services-agency/.architecture/page_sections/index/05-StatsSection.json' from volume '9b4235eb-da8e-40b2-8bdc-bc883648ae1c'
2026-07-23 11:13:58.867 [INF] READ_FILE_FROM_VOLUME: Successfully read 'fleet-services-agency/.architecture/page_sections/index/05-StatsSection.json' (41 bytes)
2026-07-23 11:14:00.422 [INF] WRITE_FILE_TO_VOLUME: Wrote file 'fleet-services-agency/.architecture/page_sections/contact/03-CtaBannerSection.json' to volume '9b4235eb-da8e-40b2-8bdc-bc883648ae1c'
2026-07-23 11:14:02.115 [INF] WRITE_FILE_TO_VOLUME: Wrote file 'fleet-services-agency/.architecture/page_sections/services/05-StatsSection.json' to volume '9b4235eb-da8e-40b2-8bdc-bc883648ae1c'
2026-07-23 11:14:02.827 [INF] WRITE_FILE_TO_VOLUME: Wrote file 'fleet-services-agency/.architecture/page_sections/about/05-StatsSection.json' to volume '9b4235eb-da8e-40b2-8bdc-bc883648ae1c'
2026-07-23 11:14:10.834 [INF] READ_FILE_FROM_VOLUME: Attempting to read 'fleet-services-agency/.architecture/page_sections/contact/04-ContactSplitSection.json' from volume '9b4235eb-da8e-40b2-8bdc-bc883648ae1c'
2026-07-23 09:14:10.834 [INF] content_section_done:contact/CtaBannerSection
2026-07-23 11:14:11.370 [INF] READ_FILE_FROM_VOLUME: Successfully read 'fleet-services-agency/.architecture/page_sections/contact/04-ContactSplitSection.json' (48 bytes)
2026-07-23 11:14:12.523 [INF] READ_FILE_FROM_VOLUME: Attempting to read 'fleet-services-agency/.architecture/page_sections/services/06-CtaBannerSection.json' from volume '9b4235eb-da8e-40b2-8bdc-bc883648ae1c'
2026-07-23 09:14:12.523 [INF] content_section_done:services/StatsSection
2026-07-23 11:14:13.008 [INF] READ_FILE_FROM_VOLUME: Successfully read 'fleet-services-agency/.architecture/page_sections/services/06-CtaBannerSection.json' (45 bytes)
2026-07-23 09:14:13.293 [INF] content_section_done:about/StatsSection
2026-07-23 11:14:13.293 [INF] READ_FILE_FROM_VOLUME: Attempting to read 'fleet-services-agency/.architecture/page_sections/about/06-CtaBannerSection.json' from volume '9b4235eb-da8e-40b2-8bdc-bc883648ae1c'
2026-07-23 11:14:13.788 [INF] READ_FILE_FROM_VOLUME: Successfully read 'fleet-services-agency/.architecture/page_sections/about/06-CtaBannerSection.json' (45 bytes)
2026-07-23 11:14:18.943 [INF] WRITE_FILE_TO_VOLUME: Wrote file 'fleet-services-agency/.architecture/page_sections/index/05-StatsSection.json' to volume '9b4235eb-da8e-40b2-8bdc-bc883648ae1c'
2026-07-23 11:14:23.730 [WRN] ContentExecutor [contact/ContactSplitSection] contentJson could not be parsed.
2026-07-23 09:14:29.249 [INF] content_section_done:index/StatsSection
2026-07-23 11:14:29.249 [INF] READ_FILE_FROM_VOLUME: Attempting to read 'fleet-services-agency/.architecture/page_sections/index/06-CtaBannerSection.json' from volume '9b4235eb-da8e-40b2-8bdc-bc883648ae1c'
2026-07-23 11:14:29.738 [INF] READ_FILE_FROM_VOLUME: Successfully read 'fleet-services-agency/.architecture/page_sections/index/06-CtaBannerSection.json' (45 bytes)
2026-07-23 11:14:32.224 [INF] WRITE_FILE_TO_VOLUME: Wrote file 'fleet-services-agency/.architecture/page_sections/about/06-CtaBannerSection.json' to volume '9b4235eb-da8e-40b2-8bdc-bc883648ae1c'
2026-07-23 11:14:34.923 [WRN] ContentExecutor [contact/ContactSplitSection] QA failed on attempt 2: page "contact": section content key "address" is missing or empty — Content agent must write it; page "contact": section content key "phone" is missing or empty — Content agent must write it; page "contact": section content key "email" is missing or empty — Content agent must write it; page "contact": section content key "hours" is missing or empty — Content agent must write it
2026-07-23 11:14:36.004 [INF] WRITE_FILE_TO_VOLUME: Wrote file 'fleet-services-agency/.architecture/page_sections/services/06-CtaBannerSection.json' to volume '9b4235eb-da8e-40b2-8bdc-bc883648ae1c'
2026-07-23 09:14:42.544 [INF] content_section_done:about/CtaBannerSection
2026-07-23 11:14:46.103 [INF] WRITE_FILE_TO_VOLUME: Wrote file 'fleet-services-agency/.architecture/page_sections/contact/04-ContactSplitSection.json' to volume '9b4235eb-da8e-40b2-8bdc-bc883648ae1c'
2026-07-23 09:14:46.399 [INF] content_section_done:services/CtaBannerSection
2026-07-23 11:14:47.553 [INF] WRITE_FILE_TO_VOLUME: Wrote file 'fleet-services-agency/.architecture/page_sections/index/06-CtaBannerSection.json' to volume '9b4235eb-da8e-40b2-8bdc-bc883648ae1c'
2026-07-23 09:14:56.504 [INF] content_section_done:contact/ContactSplitSection
2026-07-23 09:14:58.027 [INF] content_section_done:index/CtaBannerSection
2026-07-23 11:14:58.028 [INF] Executed DbCommand (0ms) [Parameters=[@__projectId_0='?' (DbType = Int64)], CommandType='"Text"', CommandTimeout='30']
SELECT "w"."Id", "w"."CheckpointsJson", "w"."ProjectId", "w"."UpdatedAtUtc"
FROM "WorkflowCheckpoints" AS "w"
WHERE "w"."ProjectId" = @__projectId_0
LIMIT 1
2026-07-23 11:14:58.028 [INF] Executed DbCommand (0ms) [Parameters=[@p2='?' (DbType = Int64), @p0='?' (Size = 3339), @p1='?' (DbType = DateTime)], CommandType='"Text"', CommandTimeout='30']
UPDATE "WorkflowCheckpoints" SET "CheckpointsJson" = @p0, "UpdatedAtUtc" = @p1
WHERE "Id" = @p2
RETURNING 1;
2026-07-23 11:14:58.031 [INF] Executed DbCommand (0ms) [Parameters=[@__projectId_0='?' (DbType = Int64)], CommandType='"Text"', CommandTimeout='30']
SELECT "w"."Id", "w"."CheckpointsJson", "w"."ProjectId", "w"."UpdatedAtUtc"
FROM "WorkflowCheckpoints" AS "w"
WHERE "w"."ProjectId" = @__projectId_0
LIMIT 1
2026-07-23 11:14:58.032 [INF] Executed DbCommand (0ms) [Parameters=[@p2='?' (DbType = Int64), @p0='?' (Size = 3365), @p1='?' (DbType = DateTime)], CommandType='"Text"', CommandTimeout='30']
UPDATE "WorkflowCheckpoints" SET "CheckpointsJson" = @p0, "UpdatedAtUtc" = @p1
WHERE "Id" = @p2
RETURNING 1;
2026-07-23 09:14:58.033 [INF] step_done:Content
2026-07-23 11:14:58.039 [INF] Executed DbCommand (0ms) [Parameters=[@__projectId_0='?' (DbType = Int64)], CommandType='"Text"', CommandTimeout='30']
SELECT "w"."Id", "w"."CheckpointsJson", "w"."ProjectId", "w"."UpdatedAtUtc"
FROM "WorkflowCheckpoints" AS "w"
WHERE "w"."ProjectId" = @__projectId_0
LIMIT 1
2026-07-23 11:14:58.039 [INF] Executed DbCommand (0ms) [Parameters=[@p2='?' (DbType = Int64), @p0='?' (Size = 3390), @p1='?' (DbType = DateTime)], CommandType='"Text"', CommandTimeout='30']
UPDATE "WorkflowCheckpoints" SET "CheckpointsJson" = @p0, "UpdatedAtUtc" = @p1
WHERE "Id" = @p2
RETURNING 1;
2026-07-23 09:14:58.041 [INF] step_start:Image
2026-07-23 11:14:58.051 [INF] BATCH_READ_FILES_FROM_VOLUME: Attempting to read 9 files from volume '9b4235eb-da8e-40b2-8bdc-bc883648ae1c'
2026-07-23 11:14:58.753 [INF] BATCH_READ_FILES_FROM_VOLUME: Read 9/9 files successfully from volume '9b4235eb-da8e-40b2-8bdc-bc883648ae1c'
2026-07-23 11:15:09.146 [INF] BATCH_READ_FILES_FROM_VOLUME: Attempting to read 36 files from volume '9b4235eb-da8e-40b2-8bdc-bc883648ae1c'
2026-07-23 11:15:10.373 [INF] BATCH_READ_FILES_FROM_VOLUME: Read 36/36 files successfully from volume '9b4235eb-da8e-40b2-8bdc-bc883648ae1c'
2026-07-23 11:15:20.769 [INF] READ_FILE_FROM_VOLUME: Attempting to read 'fleet-services-agency/.architecture/page_sections/index/01-HeroSplitSection.json' from volume '9b4235eb-da8e-40b2-8bdc-bc883648ae1c'
2026-07-23 11:15:21.318 [INF] READ_FILE_FROM_VOLUME: Successfully read 'fleet-services-agency/.architecture/page_sections/index/01-HeroSplitSection.json' (1430 bytes)
2026-07-23 11:15:31.663 [INF] READ_FILE_FROM_VOLUME: Attempting to read 'fleet-services-agency/.architecture/page_sections/index/03-AboutImageSection.json' from volume '9b4235eb-da8e-40b2-8bdc-bc883648ae1c'
2026-07-23 11:15:32.159 [INF] READ_FILE_FROM_VOLUME: Successfully read 'fleet-services-agency/.architecture/page_sections/index/03-AboutImageSection.json' (724 bytes)
2026-07-23 11:15:42.626 [INF] READ_FILE_FROM_VOLUME: Attempting to read 'fleet-services-agency/.architecture/page_sections/about/01-HeroSplitSection.json' from volume '9b4235eb-da8e-40b2-8bdc-bc883648ae1c'
2026-07-23 11:15:43.088 [INF] READ_FILE_FROM_VOLUME: Successfully read 'fleet-services-agency/.architecture/page_sections/about/01-HeroSplitSection.json' (753 bytes)
2026-07-23 11:15:53.408 [INF] READ_FILE_FROM_VOLUME: Attempting to read 'fleet-services-agency/.architecture/page_sections/about/02-AboutImageSection.json' from volume '9b4235eb-da8e-40b2-8bdc-bc883648ae1c'
2026-07-23 11:15:53.935 [INF] READ_FILE_FROM_VOLUME: Successfully read 'fleet-services-agency/.architecture/page_sections/about/02-AboutImageSection.json' (1089 bytes)
2026-07-23 11:16:04.310 [INF] READ_FILE_FROM_VOLUME: Attempting to read 'fleet-services-agency/.architecture/page_sections/services/01-HeroSplitSection.json' from volume '9b4235eb-da8e-40b2-8bdc-bc883648ae1c'
2026-07-23 11:16:04.769 [INF] READ_FILE_FROM_VOLUME: Successfully read 'fleet-services-agency/.architecture/page_sections/services/01-HeroSplitSection.json' (675 bytes)
2026-07-23 11:16:15.132 [INF] BATCH_READ_FILES_FROM_VOLUME: Attempting to read 2 files from volume '9b4235eb-da8e-40b2-8bdc-bc883648ae1c'
2026-07-23 11:16:15.621 [INF] BATCH_READ_FILES_FROM_VOLUME: Read 2/2 files successfully from volume '9b4235eb-da8e-40b2-8bdc-bc883648ae1c'
2026-07-23 11:16:26.023 [INF] READ_FILE_FROM_VOLUME: Attempting to read 'fleet-services-agency/.architecture/page_sections/index/01-HeroSplitSection.json' from volume '9b4235eb-da8e-40b2-8bdc-bc883648ae1c'
2026-07-23 11:16:26.538 [INF] READ_FILE_FROM_VOLUME: Successfully read 'fleet-services-agency/.architecture/page_sections/index/01-HeroSplitSection.json' (1430 bytes)
2026-07-23 11:16:36.918 [INF] READ_FILE_FROM_VOLUME: Attempting to read 'fleet-services-agency/.architecture/page_sections/index/02-BenefitsSection.json' from volume '9b4235eb-da8e-40b2-8bdc-bc883648ae1c'
2026-07-23 11:16:37.387 [INF] READ_FILE_FROM_VOLUME: Successfully read 'fleet-services-agency/.architecture/page_sections/index/02-BenefitsSection.json' (753 bytes)
2026-07-23 11:16:47.877 [INF] READ_FILE_FROM_VOLUME: Attempting to read 'fleet-services-agency/.architecture/page_sections/index/03-AboutImageSection.json' from volume '9b4235eb-da8e-40b2-8bdc-bc883648ae1c'
2026-07-23 11:16:48.388 [INF] READ_FILE_FROM_VOLUME: Successfully read 'fleet-services-agency/.architecture/page_sections/index/03-AboutImageSection.json' (724 bytes)
2026-07-23 11:16:58.776 [INF] READ_FILE_FROM_VOLUME: Attempting to read 'fleet-services-agency/.architecture/page_sections/index/04-ProcessSection.json' from volume '9b4235eb-da8e-40b2-8bdc-bc883648ae1c'
2026-07-23 11:16:59.252 [INF] READ_FILE_FROM_VOLUME: Successfully read 'fleet-services-agency/.architecture/page_sections/index/04-ProcessSection.json' (907 bytes)
2026-07-23 11:17:09.645 [INF] READ_FILE_FROM_VOLUME: Attempting to read 'fleet-services-agency/.architecture/page_sections/index/05-StatsSection.json' from volume '9b4235eb-da8e-40b2-8bdc-bc883648ae1c'
2026-07-23 11:17:10.248 [INF] READ_FILE_FROM_VOLUME: Successfully read 'fleet-services-agency/.architecture/page_sections/index/05-StatsSection.json' (367 bytes)
2026-07-23 11:17:20.732 [INF] READ_FILE_FROM_VOLUME: Attempting to read 'fleet-services-agency/.architecture/page_sections/index/06-CtaBannerSection.json' from volume '9b4235eb-da8e-40b2-8bdc-bc883648ae1c'
2026-07-23 11:17:21.257 [INF] READ_FILE_FROM_VOLUME: Successfully read 'fleet-services-agency/.architecture/page_sections/index/06-CtaBannerSection.json' (267 bytes)
2026-07-23 11:17:31.626 [INF] READ_FILE_FROM_VOLUME: Attempting to read 'fleet-services-agency/.architecture/page_sections/about/01-HeroSplitSection.json' from volume '9b4235eb-da8e-40b2-8bdc-bc883648ae1c'
2026-07-23 11:17:32.158 [INF] READ_FILE_FROM_VOLUME: Successfully read 'fleet-services-agency/.architecture/page_sections/about/01-HeroSplitSection.json' (753 bytes)
2026-07-23 11:17:42.445 [INF] READ_FILE_FROM_VOLUME: Attempting to read 'fleet-services-agency/.architecture/page_sections/about/02-AboutImageSection.json' from volume '9b4235eb-da8e-40b2-8bdc-bc883648ae1c'
2026-07-23 11:17:42.917 [INF] READ_FILE_FROM_VOLUME: Successfully read 'fleet-services-agency/.architecture/page_sections/about/02-AboutImageSection.json' (1089 bytes)
2026-07-23 11:17:53.254 [INF] READ_FILE_FROM_VOLUME: Attempting to read 'fleet-services-agency/.architecture/page_sections/about/03-BenefitsSection.json' from volume '9b4235eb-da8e-40b2-8bdc-bc883648ae1c'
2026-07-23 11:17:53.688 [INF] READ_FILE_FROM_VOLUME: Successfully read 'fleet-services-agency/.architecture/page_sections/about/03-BenefitsSection.json' (850 bytes)
2026-07-23 11:18:04.050 [INF] READ_FILE_FROM_VOLUME: Attempting to read 'fleet-services-agency/.architecture/page_sections/about/04-ProcessSection.json' from volume '9b4235eb-da8e-40b2-8bdc-bc883648ae1c'
2026-07-23 11:18:04.486 [INF] READ_FILE_FROM_VOLUME: Successfully read 'fleet-services-agency/.architecture/page_sections/about/04-ProcessSection.json' (934 bytes)
2026-07-23 11:18:14.833 [INF] READ_FILE_FROM_VOLUME: Attempting to read 'fleet-services-agency/.architecture/page_sections/about/05-StatsSection.json' from volume '9b4235eb-da8e-40b2-8bdc-bc883648ae1c'
2026-07-23 11:18:15.245 [INF] READ_FILE_FROM_VOLUME: Successfully read 'fleet-services-agency/.architecture/page_sections/about/05-StatsSection.json' (408 bytes)
2026-07-23 11:18:25.582 [INF] READ_FILE_FROM_VOLUME: Attempting to read 'fleet-services-agency/.architecture/page_sections/about/06-CtaBannerSection.json' from volume '9b4235eb-da8e-40b2-8bdc-bc883648ae1c'
2026-07-23 11:18:26.045 [INF] READ_FILE_FROM_VOLUME: Successfully read 'fleet-services-agency/.architecture/page_sections/about/06-CtaBannerSection.json' (225 bytes)
2026-07-23 11:18:36.475 [INF] READ_FILE_FROM_VOLUME: Attempting to read 'fleet-services-agency/.architecture/page_sections/services/01-HeroSplitSection.json' from volume '9b4235eb-da8e-40b2-8bdc-bc883648ae1c'
2026-07-23 11:18:36.986 [INF] READ_FILE_FROM_VOLUME: Successfully read 'fleet-services-agency/.architecture/page_sections/services/01-HeroSplitSection.json' (675 bytes)
2026-07-23 11:18:47.394 [INF] READ_FILE_FROM_VOLUME: Attempting to read 'fleet-services-agency/.architecture/page_sections/services/02-BenefitsSection.json' from volume '9b4235eb-da8e-40b2-8bdc-bc883648ae1c'
2026-07-23 11:18:47.907 [INF] READ_FILE_FROM_VOLUME: Successfully read 'fleet-services-agency/.architecture/page_sections/services/02-BenefitsSection.json' (843 bytes)
2026-07-23 11:18:58.292 [INF] READ_FILE_FROM_VOLUME: Attempting to read 'fleet-services-agency/.architecture/page_sections/services/03-ProcessSection.json' from volume '9b4235eb-da8e-40b2-8bdc-bc883648ae1c'
2026-07-23 11:18:58.788 [INF] READ_FILE_FROM_VOLUME: Successfully read 'fleet-services-agency/.architecture/page_sections/services/03-ProcessSection.json' (950 bytes)
2026-07-23 11:19:09.181 [INF] READ_FILE_FROM_VOLUME: Attempting to read 'fleet-services-agency/.architecture/page_sections/services/04-ServicesGridSection.json' from volume '9b4235eb-da8e-40b2-8bdc-bc883648ae1c'
2026-07-23 11:19:09.746 [INF] READ_FILE_FROM_VOLUME: Successfully read 'fleet-services-agency/.architecture/page_sections/services/04-ServicesGridSection.json' (569 bytes)
2026-07-23 11:19:20.155 [INF] READ_FILE_FROM_VOLUME: Attempting to read 'fleet-services-agency/.architecture/page_sections/services/05-StatsSection.json' from volume '9b4235eb-da8e-40b2-8bdc-bc883648ae1c'
2026-07-23 11:19:20.637 [INF] READ_FILE_FROM_VOLUME: Successfully read 'fleet-services-agency/.architecture/page_sections/services/05-StatsSection.json' (385 bytes)
2026-07-23 11:19:31.005 [INF] READ_FILE_FROM_VOLUME: Attempting to read 'fleet-services-agency/.architecture/page_sections/services/06-CtaBannerSection.json' from volume '9b4235eb-da8e-40b2-8bdc-bc883648ae1c'
2026-07-23 11:19:31.524 [INF] READ_FILE_FROM_VOLUME: Successfully read 'fleet-services-agency/.architecture/page_sections/services/06-CtaBannerSection.json' (261 bytes)
2026-07-23 11:19:41.982 [INF] READ_FILE_FROM_VOLUME: Attempting to read 'fleet-services-agency/.architecture/page_sections/service-detail/01-ServiceDetailSection.json' from volume '9b4235eb-da8e-40b2-8bdc-bc883648ae1c'
2026-07-23 11:19:42.444 [INF] READ_FILE_FROM_VOLUME: Successfully read 'fleet-services-agency/.architecture/page_sections/service-detail/01-ServiceDetailSection.json' (214 bytes)
2026-07-23 11:19:52.811 [INF] READ_FILE_FROM_VOLUME: Attempting to read 'fleet-services-agency/.architecture/page_sections/service-detail/02-RelatedServicesSection.json' from volume '9b4235eb-da8e-40b2-8bdc-bc883648ae1c'
2026-07-23 11:19:53.256 [INF] READ_FILE_FROM_VOLUME: Successfully read 'fleet-services-agency/.architecture/page_sections/service-detail/02-RelatedServicesSection.json' (199 bytes)
2026-07-23 11:20:03.623 [INF] READ_FILE_FROM_VOLUME: Attempting to read 'fleet-services-agency/.architecture/page_sections/service-detail/03-CtaBannerSection.json' from volume '9b4235eb-da8e-40b2-8bdc-bc883648ae1c'
2026-07-23 11:20:04.145 [INF] READ_FILE_FROM_VOLUME: Successfully read 'fleet-services-agency/.architecture/page_sections/service-detail/03-CtaBannerSection.json' (270 bytes)
2026-07-23 11:20:14.492 [INF] READ_FILE_FROM_VOLUME: Attempting to read 'fleet-services-agency/.architecture/page_sections/service-detail/04-ContactSplitSection.json' from volume '9b4235eb-da8e-40b2-8bdc-bc883648ae1c'
2026-07-23 11:20:15.044 [INF] READ_FILE_FROM_VOLUME: Successfully read 'fleet-services-agency/.architecture/page_sections/service-detail/04-ContactSplitSection.json' (625 bytes)
2026-07-23 11:20:25.429 [INF] READ_FILE_FROM_VOLUME: Attempting to read 'fleet-services-agency/.architecture/page_sections/contact/01-MapSection.json' from volume '9b4235eb-da8e-40b2-8bdc-bc883648ae1c'
2026-07-23 11:20:25.912 [INF] READ_FILE_FROM_VOLUME: Successfully read 'fleet-services-agency/.architecture/page_sections/contact/01-MapSection.json' (274 bytes)
2026-07-23 11:20:36.249 [INF] READ_FILE_FROM_VOLUME: Attempting to read 'fleet-services-agency/.architecture/page_sections/contact/02-StatsSection.json' from volume '9b4235eb-da8e-40b2-8bdc-bc883648ae1c'
2026-07-23 11:20:36.714 [INF] READ_FILE_FROM_VOLUME: Successfully read 'fleet-services-agency/.architecture/page_sections/contact/02-StatsSection.json' (353 bytes)
2026-07-23 11:20:47.119 [INF] READ_FILE_FROM_VOLUME: Attempting to read 'fleet-services-agency/.architecture/page_sections/contact/03-CtaBannerSection.json' from volume '9b4235eb-da8e-40b2-8bdc-bc883648ae1c'
2026-07-23 11:20:47.574 [INF] READ_FILE_FROM_VOLUME: Successfully read 'fleet-services-agency/.architecture/page_sections/contact/03-CtaBannerSection.json' (286 bytes)
2026-07-23 11:20:57.958 [INF] READ_FILE_FROM_VOLUME: Attempting to read 'fleet-services-agency/.architecture/page_sections/contact/04-ContactSplitSection.json' from volume '9b4235eb-da8e-40b2-8bdc-bc883648ae1c'
2026-07-23 11:20:58.523 [INF] READ_FILE_FROM_VOLUME: Successfully read 'fleet-services-agency/.architecture/page_sections/contact/04-ContactSplitSection.json' (585 bytes)
2026-07-23 11:21:08.894 [INF] READ_FILE_FROM_VOLUME: Attempting to read 'fleet-services-agency/.architecture/page_sections/privacy/01-TextProseSection.json' from volume '9b4235eb-da8e-40b2-8bdc-bc883648ae1c'
2026-07-23 11:21:09.473 [INF] READ_FILE_FROM_VOLUME: Successfully read 'fleet-services-agency/.architecture/page_sections/privacy/01-TextProseSection.json' (5122 bytes)
2026-07-23 11:21:19.810 [INF] READ_FILE_FROM_VOLUME: Attempting to read 'fleet-services-agency/.architecture/page_sections/terms/01-TextProseSection.json' from volume '9b4235eb-da8e-40b2-8bdc-bc883648ae1c'
2026-07-23 11:21:20.333 [INF] READ_FILE_FROM_VOLUME: Successfully read 'fleet-services-agency/.architecture/page_sections/terms/01-TextProseSection.json' (2946 bytes)
2026-07-23 11:21:31.230 [INF] Fetching image from Pexels: query='commercial fleet service depot exterior with parked trucks and vans index', orientation=landscape, page=1
2026-07-23 11:21:31.236 [INF] Start processing HTTP request GET https://api.pexels.com/v1/search?*
2026-07-23 11:21:31.237 [INF] Sending HTTP request GET https://api.pexels.com/v1/search?*
2026-07-23 11:21:31.238 [INF] Fetching image from Pexels: query='fleet operations team workshop briefing with service vehicles in background index', orientation=landscape, page=1
2026-07-23 11:21:31.238 [INF] Start processing HTTP request GET https://api.pexels.com/v1/search?*
2026-07-23 11:21:31.238 [INF] Sending HTTP request GET https://api.pexels.com/v1/search?*
2026-07-23 11:21:31.238 [INF] Fetching image from Pexels: query='commercial fleet service depot exterior fleet services agency about page about', orientation=landscape, page=1
2026-07-23 11:21:31.238 [INF] Start processing HTTP request GET https://api.pexels.com/v1/search?*
2026-07-23 11:21:31.238 [INF] Sending HTTP request GET https://api.pexels.com/v1/search?*
2026-07-23 11:21:31.238 [INF] Fetching image from Pexels: query='fleet operations team workshop briefing fleet services agency about page about', orientation=landscape, page=1
2026-07-23 11:21:31.239 [INF] Start processing HTTP request GET https://api.pexels.com/v1/search?*
2026-07-23 11:21:31.239 [INF] Sending HTTP request GET https://api.pexels.com/v1/search?*
2026-07-23 11:21:31.239 [INF] Fetching image from Pexels: query='commercial fleet service depot exterior services page hero services', orientation=landscape, page=1
2026-07-23 11:21:31.239 [INF] Start processing HTTP request GET https://api.pexels.com/v1/search?*
2026-07-23 11:21:31.239 [INF] Sending HTTP request GET https://api.pexels.com/v1/search?*
2026-07-23 11:21:31.239 [INF] Fetching image from Pexels: query='Preventive Maintenance Program service in action', orientation=landscape, page=1
2026-07-23 11:21:31.239 [INF] Start processing HTTP request GET https://api.pexels.com/v1/search?*
2026-07-23 11:21:31.239 [INF] Sending HTTP request GET https://api.pexels.com/v1/search?*
2026-07-23 11:21:31.239 [INF] Fetching image from Pexels: query='Preventive Maintenance Program fleet service overview of multiple vans parked outside a repair shop early morning', orientation=landscape, page=1
2026-07-23 11:21:31.239 [INF] Start processing HTTP request GET https://api.pexels.com/v1/search?*
2026-07-23 11:21:31.239 [INF] Sending HTTP request GET https://api.pexels.com/v1/search?*
2026-07-23 11:21:31.239 [INF] Fetching image from Pexels: query='service Preventive Maintenance Program technician checking engine bay fluids and belts on a white commercial van close-up', orientation=landscape, page=1
2026-07-23 11:21:31.239 [INF] Start processing HTTP request GET https://api.pexels.com/v1/search?*
2026-07-23 11:21:31.239 [INF] Sending HTTP request GET https://api.pexels.com/v1/search?*
2026-07-23 11:21:31.773 [INF] Received HTTP response headers after 531.9424ms - 200
2026-07-23 11:21:31.774 [INF] End processing HTTP request after 535.3822ms - 200
2026-07-23 11:21:31.775 [INF] ImageTools: selected photo index 15 (score 1/9) for query 'fleet operations team workshop briefing fleet services agency about page about'
2026-07-23 11:21:31.775 [INF] Start processing HTTP request GET https://images.pexels.com/photos/38404178/pexels-photo-38404178.jpeg?*
2026-07-23 11:21:31.775 [INF] Sending HTTP request GET https://images.pexels.com/photos/38404178/pexels-photo-38404178.jpeg?*
2026-07-23 11:21:31.793 [INF] Received HTTP response headers after 554.2576ms - 200
2026-07-23 11:21:31.793 [INF] End processing HTTP request after 554.3494ms - 200
2026-07-23 11:21:31.800 [INF] ImageTools: selected photo index 21 (score 2/8) for query 'commercial fleet service depot exterior services page hero services'
2026-07-23 11:21:31.800 [INF] Start processing HTTP request GET https://images.pexels.com/photos/8811451/pexels-photo-8811451.jpeg?*
2026-07-23 11:21:31.800 [INF] Sending HTTP request GET https://images.pexels.com/photos/8811451/pexels-photo-8811451.jpeg?*
2026-07-23 11:21:31.822 [INF] Received HTTP response headers after 583.3365ms - 200
2026-07-23 11:21:31.822 [INF] End processing HTTP request after 583.414ms - 200
2026-07-23 11:21:31.827 [INF] ImageTools: selected photo index 2 (score 7/16) for query 'Preventive Maintenance Program fleet service overview of multiple vans parked outside a repair shop early morning'
2026-07-23 11:21:31.827 [INF] Start processing HTTP request GET https://images.pexels.com/photos/33623769/pexels-photo-33623769.jpeg?*
2026-07-23 11:21:31.827 [INF] Sending HTTP request GET https://images.pexels.com/photos/33623769/pexels-photo-33623769.jpeg?*
2026-07-23 11:21:31.861 [INF] Received HTTP response headers after 622.2674ms - 200
2026-07-23 11:21:31.861 [INF] End processing HTTP request after 622.4671ms - 200
2026-07-23 11:21:31.868 [INF] ImageTools: selected photo index 6 (score 1/9) for query 'commercial fleet service depot exterior fleet services agency about page about'
2026-07-23 11:21:31.868 [INF] Start processing HTTP request GET https://images.pexels.com/photos/12996543/pexels-photo-12996543.jpeg?*
2026-07-23 11:21:31.868 [INF] Sending HTTP request GET https://images.pexels.com/photos/12996543/pexels-photo-12996543.jpeg?*
2026-07-23 11:21:31.892 [INF] Received HTTP response headers after 655.0076ms - 200
2026-07-23 11:21:31.892 [INF] End processing HTTP request after 661.5237ms - 200
2026-07-23 11:21:31.892 [INF] Received HTTP response headers after 653.7408ms - 200
2026-07-23 11:21:31.892 [INF] End processing HTTP request after 653.8316ms - 200
2026-07-23 11:21:31.899 [INF] ImageTools: selected photo index 19 (score 5/11) for query 'commercial fleet service depot exterior with parked trucks and vans index'
2026-07-23 11:21:31.899 [INF] Start processing HTTP request GET https://images.pexels.com/photos/11725734/pexels-photo-11725734.jpeg?*
2026-07-23 11:21:31.899 [INF] Sending HTTP request GET https://images.pexels.com/photos/11725734/pexels-photo-11725734.jpeg?*
2026-07-23 11:21:31.900 [INF] ImageTools: selected photo index 3 (score 2/6) for query 'Preventive Maintenance Program service in action'
2026-07-23 11:21:31.900 [INF] Start processing HTTP request GET https://images.pexels.com/photos/8478260/pexels-photo-8478260.jpeg?*
2026-07-23 11:21:31.900 [INF] Sending HTTP request GET https://images.pexels.com/photos/8478260/pexels-photo-8478260.jpeg?*
2026-07-23 11:21:31.901 [INF] Received HTTP response headers after 662.2841ms - 200
2026-07-23 11:21:31.901 [INF] End processing HTTP request after 662.3852ms - 200
2026-07-23 11:21:31.907 [INF] ImageTools: selected photo index 0 (score 3/11) for query 'fleet operations team workshop briefing with service vehicles in background index'
2026-07-23 11:21:31.907 [INF] Start processing HTTP request GET https://images.pexels.com/photos/32716599/pexels-photo-32716599.jpeg?*
2026-07-23 11:21:31.907 [INF] Sending HTTP request GET https://images.pexels.com/photos/32716599/pexels-photo-32716599.jpeg?*
2026-07-23 11:21:31.983 [INF] Received HTTP response headers after 743.8548ms - 200
2026-07-23 11:21:31.983 [INF] End processing HTTP request after 743.9807ms - 200
2026-07-23 11:21:31.989 [INF] ImageTools: selected photo index 0 (score 6/17) for query 'service Preventive Maintenance Program technician checking engine bay fluids and belts on a white commercial van close-up'
2026-07-23 11:21:31.989 [INF] Start processing HTTP request GET https://images.pexels.com/photos/8478223/pexels-photo-8478223.jpeg?*
2026-07-23 11:21:31.989 [INF] Sending HTTP request GET https://images.pexels.com/photos/8478223/pexels-photo-8478223.jpeg?*
2026-07-23 11:21:32.080 [INF] Received HTTP response headers after 253.2373ms - 200
2026-07-23 11:21:32.081 [INF] End processing HTTP request after 253.3685ms - 200
2026-07-23 11:21:32.134 [INF] Received HTTP response headers after 234.9966ms - 200
2026-07-23 11:21:32.134 [INF] End processing HTTP request after 235.1287ms - 200
2026-07-23 11:21:32.139 [INF] Received HTTP response headers after 239.0991ms - 200
2026-07-23 11:21:32.139 [INF] End processing HTTP request after 239.2816ms - 200
2026-07-23 11:21:32.145 [INF] Received HTTP response headers after 237.8291ms - 200
2026-07-23 11:21:32.145 [INF] End processing HTTP request after 237.9738ms - 200
2026-07-23 11:21:32.221 [INF] Received HTTP response headers after 232.1728ms - 200
2026-07-23 11:21:32.221 [INF] End processing HTTP request after 232.2998ms - 200
2026-07-23 11:21:32.252 [INF] Received HTTP response headers after 452.2819ms - 200
2026-07-23 11:21:32.252 [INF] End processing HTTP request after 452.4353ms - 200
2026-07-23 11:21:32.383 [INF] Received HTTP response headers after 514.9481ms - 200
2026-07-23 11:21:32.383 [INF] End processing HTTP request after 515.1171ms - 200
2026-07-23 11:21:32.451 [INF] Received HTTP response headers after 675.5539ms - 200
2026-07-23 11:21:32.451 [INF] End processing HTTP request after 675.6961ms - 200
2026-07-23 11:21:32.548 [INF] Fetching image from Pexels: query='Preventive Maintenance Program service bay rear view of commercial van on lift with tools and work lights', orientation=landscape, page=1
2026-07-23 11:21:32.548 [INF] Fetching image from Pexels: query='service Preventive Maintenance Program close-up of mechanic hands using diagnostic scanner on fleet vehicle', orientation=landscape, page=1
2026-07-23 11:21:32.548 [INF] Start processing HTTP request GET https://api.pexels.com/v1/search?*
2026-07-23 11:21:32.548 [INF] Start processing HTTP request GET https://api.pexels.com/v1/search?*
2026-07-23 11:21:32.548 [INF] Sending HTTP request GET https://api.pexels.com/v1/search?*
2026-07-23 11:21:32.548 [INF] Sending HTTP request GET https://api.pexels.com/v1/search?*
2026-07-23 11:21:32.549 [INF] Fetching image from Pexels: query='DOT Compliance & Inspection Support service in action', orientation=landscape, page=1
2026-07-23 11:21:32.549 [INF] Start processing HTTP request GET https://api.pexels.com/v1/search?*
2026-07-23 11:21:32.549 [INF] Sending HTTP request GET https://api.pexels.com/v1/search?*
2026-07-23 11:21:32.605 [INF] Fetching image from Pexels: query='DOT Compliance & Inspection Support fleet service front three-quarter view of commercial truck parked for inspection in daylight', orientation=landscape, page=1
2026-07-23 11:21:32.605 [INF] Received HTTP response headers after 57.5339ms - 400
2026-07-23 11:21:32.606 [INF] End processing HTTP request after 57.6824ms - 400
2026-07-23 11:21:32.606 [INF] Received HTTP response headers after 57.6048ms - 400
2026-07-23 11:21:32.606 [INF] Start processing HTTP request GET https://api.pexels.com/v1/search?*
2026-07-23 11:21:32.606 [INF] Sending HTTP request GET https://api.pexels.com/v1/search?*
2026-07-23 11:21:32.606 [INF] End processing HTTP request after 57.7431ms - 400
2026-07-23 11:21:32.606 [INF] Fetching image from Pexels: query='service DOT Compliance & Inspection Support close-up of inspector checking tire tread and sidewall condition on fleet vehicle', orientation=landscape, page=1
2026-07-23 11:21:32.606 [INF] Start processing HTTP request GET https://api.pexels.com/v1/search?*
2026-07-23 11:21:32.606 [INF] Fetching image from Pexels: query='DOT Compliance & Inspection Support rear view of vehicle with open service doors while inspection is performed on-site', orientation=landscape, page=1
2026-07-23 11:21:32.607 [INF] Sending HTTP request GET https://api.pexels.com/v1/search?*
2026-07-23 11:21:32.607 [INF] Start processing HTTP request GET https://api.pexels.com/v1/search?*
2026-07-23 11:21:32.607 [INF] Sending HTTP request GET https://api.pexels.com/v1/search?*
2026-07-23 11:21:32.607 [ERR] Error fetching image from Pexels: Response status code does not indicate success: 400 (Bad Request).
2026-07-23 11:21:32.611 [INF] Fetching image from Pexels: query='Preventive Maintenance Program service', orientation=landscape, page=1
2026-07-23 11:21:32.611 [INF] Start processing HTTP request GET https://api.pexels.com/v1/search?*
2026-07-23 11:21:32.611 [INF] Sending HTTP request GET https://api.pexels.com/v1/search?*
2026-07-23 11:21:32.607 [ERR] Error fetching image from Pexels: Response status code does not indicate success: 400 (Bad Request).
2026-07-23 11:21:32.614 [INF] Fetching image from Pexels: query='service Preventive Maintenance Program', orientation=landscape, page=1
2026-07-23 11:21:32.614 [INF] Start processing HTTP request GET https://api.pexels.com/v1/search?*
2026-07-23 11:21:32.614 [INF] Sending HTTP request GET https://api.pexels.com/v1/search?*
2026-07-23 11:21:32.708 [INF] Fetching image from Pexels: query='Tire Management & Replacement Planning service in action', orientation=landscape, page=1
2026-07-23 11:21:32.708 [INF] Fetching image from Pexels: query='service DOT Compliance & Inspection Support close-up of hands reviewing inspection checklist paperwork on clipboard', orientation=landscape, page=1
2026-07-23 11:21:32.708 [INF] Start processing HTTP request GET https://api.pexels.com/v1/search?*
2026-07-23 11:21:32.708 [INF] Start processing HTTP request GET https://api.pexels.com/v1/search?*
2026-07-23 11:21:32.708 [INF] Sending HTTP request GET https://api.pexels.com/v1/search?*
2026-07-23 11:21:32.708 [INF] Sending HTTP request GET https://api.pexels.com/v1/search?*
2026-07-23 11:21:32.987 [INF] Received HTTP response headers after 438.0491ms - 200
2026-07-23 11:21:32.987 [INF] End processing HTTP request after 438.1636ms - 200
2026-07-23 11:21:32.995 [INF] ImageTools: selected photo index 7 (score 2/8) for query 'DOT Compliance & Inspection Support service in action'
2026-07-23 11:21:32.995 [INF] Start processing HTTP request GET https://images.pexels.com/photos/8293678/pexels-photo-8293678.jpeg?*
2026-07-23 11:21:32.995 [INF] Sending HTTP request GET https://images.pexels.com/photos/8293678/pexels-photo-8293678.jpeg?*
2026-07-23 11:21:33.035 [INF] Received HTTP response headers after 428.4466ms - 200
2026-07-23 11:21:33.035 [INF] End processing HTTP request after 428.576ms - 200
2026-07-23 11:21:33.042 [INF] ImageTools: selected photo index 26 (score 7/17) for query 'DOT Compliance & Inspection Support rear view of vehicle with open service doors while inspection is performed on-site'
2026-07-23 11:21:33.042 [INF] Start processing HTTP request GET https://images.pexels.com/photos/18393010/pexels-photo-18393010.jpeg?*
2026-07-23 11:21:33.042 [INF] Sending HTTP request GET https://images.pexels.com/photos/18393010/pexels-photo-18393010.jpeg?*
2026-07-23 11:21:33.057 [INF] Received HTTP response headers after 450.6171ms - 200
2026-07-23 11:21:33.057 [INF] End processing HTTP request after 450.7648ms - 200
2026-07-23 11:21:33.100 [INF] ImageTools: selected photo index 0 (score 6/18) for query 'service DOT Compliance & Inspection Support close-up of inspector checking tire tread and sidewall condition on fleet vehicle'
2026-07-23 11:21:33.100 [INF] Start processing HTTP request GET https://images.pexels.com/photos/16685597/pexels-photo-16685597.jpeg?*
2026-07-23 11:21:33.100 [INF] Sending HTTP request GET https://images.pexels.com/photos/16685597/pexels-photo-16685597.jpeg?*
2026-07-23 11:21:33.198 [INF] Received HTTP response headers after 586.5443ms - 200
2026-07-23 11:21:33.198 [INF] End processing HTTP request after 586.7619ms - 200
2026-07-23 11:21:33.203 [INF] ImageTools: selected photo index 6 (score 1/4) for query 'Preventive Maintenance Program service'
2026-07-23 11:21:33.203 [INF] Start processing HTTP request GET https://images.pexels.com/photos/4116172/pexels-photo-4116172.jpeg?*
2026-07-23 11:21:33.203 [INF] Sending HTTP request GET https://images.pexels.com/photos/4116172/pexels-photo-4116172.jpeg?*
2026-07-23 11:21:33.209 [INF] Received HTTP response headers after 167.3219ms - 200
2026-07-23 11:21:33.209 [INF] End processing HTTP request after 167.4154ms - 200
2026-07-23 11:21:33.260 [INF] Received HTTP response headers after 552.1394ms - 200
2026-07-23 11:21:33.260 [INF] End processing HTTP request after 552.2738ms - 200
2026-07-23 11:21:33.260 [INF] ImageTools: selected photo index 0 (score 7/14) for query 'service DOT Compliance & Inspection Support close-up of hands reviewing inspection checklist paperwork on clipboard'
2026-07-23 11:21:33.260 [INF] Start processing HTTP request GET https://images.pexels.com/photos/8293635/pexels-photo-8293635.jpeg?*
2026-07-23 11:21:33.260 [INF] Sending HTTP request GET https://images.pexels.com/photos/8293635/pexels-photo-8293635.jpeg?*
2026-07-23 11:21:33.274 [INF] Received HTTP response headers after 173.9392ms - 200
2026-07-23 11:21:33.274 [INF] End processing HTTP request after 174.1426ms - 200
2026-07-23 11:21:33.283 [INF] Received HTTP response headers after 677.732ms - 200
2026-07-23 11:21:33.283 [INF] End processing HTTP request after 677.9402ms - 200
2026-07-23 11:21:33.295 [INF] ImageTools: selected photo index 15 (score 6/17) for query 'DOT Compliance & Inspection Support fleet service front three-quarter view of commercial truck parked for inspection in daylight'
2026-07-23 11:21:33.295 [INF] Start processing HTTP request GET https://images.pexels.com/photos/18982314/pexels-photo-18982314.jpeg?*
2026-07-23 11:21:33.295 [INF] Sending HTTP request GET https://images.pexels.com/photos/18982314/pexels-photo-18982314.jpeg?*
2026-07-23 11:21:33.316 [INF] Received HTTP response headers after 608.5066ms - 200
2026-07-23 11:21:33.316 [INF] End processing HTTP request after 608.6204ms - 200
2026-07-23 11:21:33.317 [INF] ImageTools: selected photo index 0 (score 2/8) for query 'Tire Management & Replacement Planning service in action'
2026-07-23 11:21:33.317 [INF] Start processing HTTP request GET https://images.pexels.com/photos/5733659/pexels-photo-5733659.jpeg?*
2026-07-23 11:21:33.317 [INF] Sending HTTP request GET https://images.pexels.com/photos/5733659/pexels-photo-5733659.jpeg?*
2026-07-23 11:21:33.340 [INF] Fetching image from Pexels: query='Tire Management & Replacement Planning fleet service wide shot of commercial vans parked near service garage for tire checks', orientation=landscape, page=1
2026-07-23 11:21:33.340 [INF] Start processing HTTP request GET https://api.pexels.com/v1/search?*
2026-07-23 11:21:33.340 [INF] Sending HTTP request GET https://api.pexels.com/v1/search?*
2026-07-23 11:21:33.392 [INF] Fetching image from Pexels: query='service Tire Management & Replacement Planning close-up of tread gauge measuring tire tread on a van tire', orientation=landscape, page=1
2026-07-23 11:21:33.392 [INF] Start processing HTTP request GET https://api.pexels.com/v1/search?*
2026-07-23 11:21:33.392 [INF] Sending HTTP request GET https://api.pexels.com/v1/search?*
2026-07-23 11:21:33.418 [INF] Received HTTP response headers after 157.9788ms - 200
2026-07-23 11:21:33.418 [INF] End processing HTTP request after 158.0685ms - 200
2026-07-23 11:21:33.435 [INF] Received HTTP response headers after 820.9684ms - 200
2026-07-23 11:21:33.435 [INF] End processing HTTP request after 821.1147ms - 200
2026-07-23 11:21:33.444 [INF] ImageTools: selected photo index 0 (score 2/4) for query 'service Preventive Maintenance Program'
2026-07-23 11:21:33.444 [INF] Start processing HTTP request GET https://images.pexels.com/photos/8986137/pexels-photo-8986137.jpeg?*
2026-07-23 11:21:33.444 [INF] Sending HTTP request GET https://images.pexels.com/photos/8986137/pexels-photo-8986137.jpeg?*
2026-07-23 11:21:33.446 [INF] Received HTTP response headers after 450.6403ms - 200
2026-07-23 11:21:33.446 [INF] End processing HTTP request after 450.7267ms - 200
2026-07-23 11:21:33.480 [INF] Received HTTP response headers after 162.3902ms - 200
2026-07-23 11:21:33.480 [INF] End processing HTTP request after 162.522ms - 200
2026-07-23 11:21:33.531 [INF] Fetching image from Pexels: query='service Tire Management & Replacement Planning side view of technician working beside lifted vehicle with tire removed in workshop', orientation=landscape, page=1
2026-07-23 11:21:33.531 [INF] Start processing HTTP request GET https://api.pexels.com/v1/search?*
2026-07-23 11:21:33.531 [INF] Sending HTTP request GET https://api.pexels.com/v1/search?*
2026-07-23 11:21:33.553 [INF] Fetching image from Pexels: query='service Tire Management & Replacement Planning close-up of new commercial tire and wheel assembly ready for installation', orientation=landscape, page=1
2026-07-23 11:21:33.553 [INF] Start processing HTTP request GET https://api.pexels.com/v1/search?*
2026-07-23 11:21:33.553 [INF] Sending HTTP request GET https://api.pexels.com/v1/search?*
2026-07-23 11:21:33.613 [INF] Received HTTP response headers after 168.8961ms - 200
2026-07-23 11:21:33.613 [INF] End processing HTTP request after 168.9914ms - 200
2026-07-23 11:21:33.684 [INF] Fetching image from Pexels: query='Mobile Fleet Inspections & Condition Reports service in action', orientation=landscape, page=1
2026-07-23 11:21:33.684 [INF] Start processing HTTP request GET https://api.pexels.com/v1/search?*
2026-07-23 11:21:33.684 [INF] Sending HTTP request GET https://api.pexels.com/v1/search?*
2026-07-23 11:21:33.709 [INF] Received HTTP response headers after 506.342ms - 200
2026-07-23 11:21:33.709 [INF] End processing HTTP request after 506.4358ms - 200
2026-07-23 11:21:33.728 [INF] Fetching image from Pexels: query='Mobile Fleet Inspections & Condition Reports fleet service wide shot of inspector walking through parked fleet vehicles outdoors', orientation=landscape, page=1
2026-07-23 11:21:33.728 [INF] Start processing HTTP request GET https://api.pexels.com/v1/search?*
2026-07-23 11:21:33.728 [INF] Sending HTTP request GET https://api.pexels.com/v1/search?*
2026-07-23 11:21:33.735 [INF] Received HTTP response headers after 439.4343ms - 200
2026-07-23 11:21:33.735 [INF] End processing HTTP request after 439.5448ms - 200
2026-07-23 11:21:33.816 [INF] Received HTTP response headers after 476.282ms - 200
2026-07-23 11:21:33.816 [INF] End processing HTTP request after 476.3886ms - 200
2026-07-23 11:21:33.817 [INF] Received HTTP response headers after 425.0645ms - 200
2026-07-23 11:21:33.817 [INF] End processing HTTP request after 425.1624ms - 200
2026-07-23 11:21:33.821 [INF] ImageTools: selected photo index 6 (score 4/17) for query 'Tire Management & Replacement Planning fleet service wide shot of commercial vans parked near service garage for tire checks'
2026-07-23 11:21:33.821 [INF] Start processing HTTP request GET https://images.pexels.com/photos/31573459/pexels-photo-31573459.jpeg?*
2026-07-23 11:21:33.821 [INF] Sending HTTP request GET https://images.pexels.com/photos/31573459/pexels-photo-31573459.jpeg?*
2026-07-23 11:21:33.825 [INF] ImageTools: selected photo index 2 (score 5/14) for query 'service Tire Management & Replacement Planning close-up of tread gauge measuring tire tread on a van tire'
2026-07-23 11:21:33.825 [INF] Start processing HTTP request GET https://images.pexels.com/photos/7019611/pexels-photo-7019611.jpeg?*
2026-07-23 11:21:33.825 [INF] Sending HTTP request GET https://images.pexels.com/photos/7019611/pexels-photo-7019611.jpeg?*
2026-07-23 11:21:33.845 [INF] Fetching image from Pexels: query='service Mobile Fleet Inspections & Condition Reports close-up of tablet screen being used to record vehicle condition notes', orientation=landscape, page=1
2026-07-23 11:21:33.845 [INF] Start processing HTTP request GET https://api.pexels.com/v1/search?*
2026-07-23 11:21:33.845 [INF] Sending HTTP request GET https://api.pexels.com/v1/search?*
2026-07-23 11:21:33.872 [INF] Fetching image from Pexels: query='service Mobile Fleet Inspections & Condition Reports rear view of inspector checking lights and signals on a commercial vehicle', orientation=landscape, page=1
2026-07-23 11:21:33.872 [INF] Start processing HTTP request GET https://api.pexels.com/v1/search?*
2026-07-23 11:21:33.872 [INF] Sending HTTP request GET https://api.pexels.com/v1/search?*
2026-07-23 11:21:33.964 [INF] Received HTTP response headers after 433.4739ms - 200
2026-07-23 11:21:33.964 [INF] End processing HTTP request after 433.5667ms - 200
2026-07-23 11:21:33.975 [INF] ImageTools: selected photo index 15 (score 6/18) for query 'service Tire Management & Replacement Planning side view of technician working beside lifted vehicle with tire removed in workshop'
2026-07-23 11:21:33.975 [INF] Start processing HTTP request GET https://images.pexels.com/photos/3807695/pexels-photo-3807695.jpeg?*
2026-07-23 11:21:33.975 [INF] Sending HTTP request GET https://images.pexels.com/photos/3807695/pexels-photo-3807695.jpeg?*
2026-07-23 11:21:33.996 [INF] Received HTTP response headers after 171.6042ms - 200
2026-07-23 11:21:33.996 [INF] End processing HTTP request after 171.6831ms - 200
2026-07-23 11:21:34.021 [INF] Received HTTP response headers after 200.1654ms - 200
2026-07-23 11:21:34.021 [INF] End processing HTTP request after 200.2699ms - 200
2026-07-23 11:21:34.109 [INF] Fetching image from Pexels: query='service Mobile Fleet Inspections & Condition Reports close-up of inspector examining windshield and wipers during condition check', orientation=landscape, page=1
2026-07-23 11:21:34.109 [INF] Start processing HTTP request GET https://api.pexels.com/v1/search?*
2026-07-23 11:21:34.109 [INF] Sending HTTP request GET https://api.pexels.com/v1/search?*
2026-07-23 11:21:34.144 [INF] Fetching image from Pexels: query='Vehicle Upfitting & Equipment Install service in action', orientation=landscape, page=1
2026-07-23 11:21:34.144 [INF] Start processing HTTP request GET https://api.pexels.com/v1/search?*
2026-07-23 11:21:34.144 [INF] Sending HTTP request GET https://api.pexels.com/v1/search?*
2026-07-23 11:21:34.155 [INF] Received HTTP response headers after 601.8887ms - 200
2026-07-23 11:21:34.155 [INF] End processing HTTP request after 602.072ms - 200
2026-07-23 11:21:34.160 [INF] ImageTools: selected photo index 20 (score 5/16) for query 'service Tire Management & Replacement Planning close-up of new commercial tire and wheel assembly ready for installation'
2026-07-23 11:21:34.160 [INF] Start processing HTTP request GET https://images.pexels.com/photos/8986137/pexels-photo-8986137.jpeg?*
2026-07-23 11:21:34.160 [INF] Sending HTTP request GET https://images.pexels.com/photos/8986137/pexels-photo-8986137.jpeg?*
2026-07-23 11:21:34.213 [INF] Received HTTP response headers after 53.0073ms - 200
2026-07-23 11:21:34.213 [INF] End processing HTTP request after 53.1658ms - 200
2026-07-23 11:21:34.218 [INF] Received HTTP response headers after 533.751ms - 200
2026-07-23 11:21:34.218 [INF] End processing HTTP request after 533.9017ms - 200
2026-07-23 11:21:34.225 [INF] ImageTools: selected photo index 9 (score 2/9) for query 'Mobile Fleet Inspections & Condition Reports service in action'
2026-07-23 11:21:34.225 [INF] Start processing HTTP request GET https://images.pexels.com/photos/8986148/pexels-photo-8986148.jpeg?*
2026-07-23 11:21:34.225 [INF] Sending HTTP request GET https://images.pexels.com/photos/8986148/pexels-photo-8986148.jpeg?*
2026-07-23 11:21:34.331 [INF] Fetching image from Pexels: query='Vehicle Upfitting & Equipment Install fleet service exterior view of white service van parked by industrial workshop', orientation=landscape, page=1
2026-07-23 11:21:34.331 [INF] Start processing HTTP request GET https://api.pexels.com/v1/search?*
2026-07-23 11:21:34.331 [INF] Sending HTTP request GET https://api.pexels.com/v1/search?*
2026-07-23 11:21:34.347 [INF] Received HTTP response headers after 619.3258ms - 200
2026-07-23 11:21:34.347 [INF] End processing HTTP request after 619.4196ms - 200
2026-07-23 11:21:34.352 [INF] Received HTTP response headers after 507.1236ms - 200
2026-07-23 11:21:34.352 [INF] End processing HTTP request after 507.1957ms - 200
2026-07-23 11:21:34.364 [INF] ImageTools: selected photo index 3 (score 5/17) for query 'service Mobile Fleet Inspections & Condition Reports close-up of tablet screen being used to record vehicle condition notes'
2026-07-23 11:21:34.364 [INF] Start processing HTTP request GET https://images.pexels.com/photos/2261059/pexels-photo-2261059.jpeg?*
2026-07-23 11:21:34.364 [INF] Sending HTTP request GET https://images.pexels.com/photos/2261059/pexels-photo-2261059.jpeg?*
2026-07-23 11:21:34.374 [INF] ImageTools: selected photo index 2 (score 4/16) for query 'Mobile Fleet Inspections & Condition Reports fleet service wide shot of inspector walking through parked fleet vehicles outdoors'
2026-07-23 11:21:34.374 [INF] Start processing HTTP request GET https://images.pexels.com/photos/8783587/pexels-photo-8783587.jpeg?*
2026-07-23 11:21:34.374 [INF] Sending HTTP request GET https://images.pexels.com/photos/8783587/pexels-photo-8783587.jpeg?*
2026-07-23 11:21:34.421 [INF] Received HTTP response headers after 195.7751ms - 200
2026-07-23 11:21:34.421 [INF] End processing HTTP request after 195.8559ms - 200
2026-07-23 11:21:34.432 [INF] Received HTTP response headers after 456.9028ms - 200
2026-07-23 11:21:34.432 [INF] End processing HTTP request after 457.0277ms - 200
2026-07-23 11:21:34.479 [INF] Received HTTP response headers after 606.9722ms - 200
2026-07-23 11:21:34.479 [INF] End processing HTTP request after 607.0598ms - 200
2026-07-23 11:21:34.491 [INF] ImageTools: selected photo index 20 (score 6/19) for query 'service Mobile Fleet Inspections & Condition Reports rear view of inspector checking lights and signals on a commercial vehicle'
2026-07-23 11:21:34.491 [INF] Start processing HTTP request GET https://images.pexels.com/photos/3855646/pexels-photo-3855646.jpeg?*
2026-07-23 11:21:34.491 [INF] Sending HTTP request GET https://images.pexels.com/photos/3855646/pexels-photo-3855646.jpeg?*
2026-07-23 11:21:34.524 [INF] Received HTTP response headers after 415.0649ms - 200
2026-07-23 11:21:34.524 [INF] End processing HTTP request after 415.1657ms - 200
2026-07-23 11:21:34.524 [INF] Fetching image from Pexels: query='Vehicle Upfitting & Equipment Install interior view of service van with shelving and storage being installed', orientation=landscape, page=1
2026-07-23 11:21:34.524 [INF] Start processing HTTP request GET https://api.pexels.com/v1/search?*
2026-07-23 11:21:34.524 [INF] Sending HTTP request GET https://api.pexels.com/v1/search?*
2026-07-23 11:21:34.529 [INF] Received HTTP response headers after 154.7831ms - 200
2026-07-23 11:21:34.529 [INF] End processing HTTP request after 154.8424ms - 200
2026-07-23 11:21:34.531 [INF] ImageTools: selected photo index 2 (score 4/16) for query 'service Mobile Fleet Inspections & Condition Reports close-up of inspector examining windshield and wipers during condition check'
2026-07-23 11:21:34.531 [INF] Start processing HTTP request GET https://images.pexels.com/photos/18371966/pexels-photo-18371966.jpeg?*
2026-07-23 11:21:34.531 [INF] Sending HTTP request GET https://images.pexels.com/photos/18371966/pexels-photo-18371966.jpeg?*
2026-07-23 11:21:34.538 [INF] Received HTTP response headers after 174.4848ms - 200
2026-07-23 11:21:34.538 [INF] End processing HTTP request after 174.5721ms - 200
2026-07-23 11:21:34.543 [INF] Fetching image from Pexels: query='service Vehicle Upfitting & Equipment Install rear view of open van doors showing organized compartments and tools', orientation=landscape, page=1
2026-07-23 11:21:34.543 [INF] Start processing HTTP request GET https://api.pexels.com/v1/search?*
2026-07-23 11:21:34.543 [INF] Sending HTTP request GET https://api.pexels.com/v1/search?*
2026-07-23 11:21:34.643 [INF] Fetching image from Pexels: query='service Vehicle Upfitting & Equipment Install close-up of technician using drill and fasteners on metal shelving bracket', orientation=landscape, page=1
2026-07-23 11:21:34.643 [INF] Start processing HTTP request GET https://api.pexels.com/v1/search?*
2026-07-23 11:21:34.643 [INF] Sending HTTP request GET https://api.pexels.com/v1/search?*
2026-07-23 11:21:34.648 [INF] Received HTTP response headers after 156.4226ms - 200
2026-07-23 11:21:34.648 [INF] End processing HTTP request after 156.5237ms - 200
2026-07-23 11:21:34.649 [INF] Fetching image from Pexels: query='Fleet Technology & Tracking Setup service in action', orientation=landscape, page=1
2026-07-23 11:21:34.649 [INF] Start processing HTTP request GET https://api.pexels.com/v1/search?*
2026-07-23 11:21:34.649 [INF] Sending HTTP request GET https://api.pexels.com/v1/search?*
2026-07-23 11:21:34.688 [INF] Received HTTP response headers after 544.1899ms - 200
2026-07-23 11:21:34.688 [INF] End processing HTTP request after 544.3023ms - 200
2026-07-23 11:21:34.698 [INF] ImageTools: selected photo index 8 (score 3/8) for query 'Vehicle Upfitting & Equipment Install service in action'
2026-07-23 11:21:34.698 [INF] Start processing HTTP request GET https://images.pexels.com/photos/28447793/pexels-photo-28447793.jpeg?*
2026-07-23 11:21:34.698 [INF] Sending HTTP request GET https://images.pexels.com/photos/28447793/pexels-photo-28447793.jpeg?*
2026-07-23 11:21:34.776 [INF] Fetching image from Pexels: query='Fleet Technology & Tracking Setup fleet service wide shot of technician working near fleet vehicles with diagnostic tools', orientation=landscape, page=1
2026-07-23 11:21:34.776 [INF] Start processing HTTP request GET https://api.pexels.com/v1/search?*
2026-07-23 11:21:34.776 [INF] Sending HTTP request GET https://api.pexels.com/v1/search?*
2026-07-23 11:21:34.803 [INF] Received HTTP response headers after 471.7581ms - 200
2026-07-23 11:21:34.803 [INF] End processing HTTP request after 471.8355ms - 200
2026-07-23 11:21:34.810 [INF] ImageTools: selected photo index 12 (score 5/16) for query 'Vehicle Upfitting & Equipment Install fleet service exterior view of white service van parked by industrial workshop'
2026-07-23 11:21:34.810 [INF] Start processing HTTP request GET https://images.pexels.com/photos/33623770/pexels-photo-33623770.jpeg?*
2026-07-23 11:21:34.810 [INF] Sending HTTP request GET https://images.pexels.com/photos/33623770/pexels-photo-33623770.jpeg?*
2026-07-23 11:21:34.869 [INF] Received HTTP response headers after 170.7362ms - 200
2026-07-23 11:21:34.869 [INF] End processing HTTP request after 170.873ms - 200
2026-07-23 11:21:34.965 [INF] Received HTTP response headers after 440.765ms - 200
2026-07-23 11:21:34.965 [INF] End processing HTTP request after 440.8354ms - 200
2026-07-23 11:21:34.972 [INF] ImageTools: selected photo index 20 (score 7/16) for query 'Vehicle Upfitting & Equipment Install interior view of service van with shelving and storage being installed'
2026-07-23 11:21:34.972 [INF] Start processing HTTP request GET https://images.pexels.com/photos/5158091/pexels-photo-5158091.jpeg?*
2026-07-23 11:21:34.972 [INF] Sending HTTP request GET https://images.pexels.com/photos/5158091/pexels-photo-5158091.jpeg?*
2026-07-23 11:21:34.977 [INF] Received HTTP response headers after 167.211ms - 200
2026-07-23 11:21:34.977 [INF] End processing HTTP request after 167.2937ms - 200
2026-07-23 11:21:35.001 [INF] Fetching image from Pexels: query='service Fleet Technology & Tracking Setup close-up of hands connecting small tracking device under dashboard area', orientation=landscape, page=1
2026-07-23 11:21:35.001 [INF] Start processing HTTP request GET https://api.pexels.com/v1/search?*
2026-07-23 11:21:35.001 [INF] Sending HTTP request GET https://api.pexels.com/v1/search?*
2026-07-23 11:21:35.002 [INF] Received HTTP response headers after 471.2308ms - 200
2026-07-23 11:21:35.002 [INF] End processing HTTP request after 471.2851ms - 200
2026-07-23 11:21:35.033 [INF] Received HTTP response headers after 490.0236ms - 200
2026-07-23 11:21:35.033 [INF] End processing HTTP request after 490.1034ms - 200
2026-07-23 11:21:35.040 [INF] ImageTools: selected photo index 3 (score 8/17) for query 'service Vehicle Upfitting & Equipment Install rear view of open van doors showing organized compartments and tools'
2026-07-23 11:21:35.040 [INF] Start processing HTTP request GET https://images.pexels.com/photos/31420594/pexels-photo-31420594.jpeg?*
2026-07-23 11:21:35.040 [INF] Sending HTTP request GET https://images.pexels.com/photos/31420594/pexels-photo-31420594.jpeg?*
2026-07-23 11:21:35.075 [INF] Received HTTP response headers after 425.3757ms - 200
2026-07-23 11:21:35.075 [INF] End processing HTTP request after 425.4502ms - 200
2026-07-23 11:21:35.082 [INF] ImageTools: selected photo index 0 (score 2/8) for query 'Fleet Technology & Tracking Setup service in action'
2026-07-23 11:21:35.082 [INF] Start processing HTTP request GET https://images.pexels.com/photos/7362883/pexels-photo-7362883.jpeg?*
2026-07-23 11:21:35.082 [INF] Sending HTTP request GET https://images.pexels.com/photos/7362883/pexels-photo-7362883.jpeg?*
2026-07-23 11:21:35.098 [INF] Fetching image from Pexels: query='service Fleet Technology & Tracking Setup side view of technician using laptop on workbench with vehicle in background', orientation=landscape, page=1
2026-07-23 11:21:35.098 [INF] Start processing HTTP request GET https://api.pexels.com/v1/search?*
2026-07-23 11:21:35.098 [INF] Sending HTTP request GET https://api.pexels.com/v1/search?*
2026-07-23 11:21:35.133 [INF] Fetching image from Pexels: query='service Fleet Technology & Tracking Setup close-up of smartphone app showing vehicle status and location tracking interface', orientation=landscape, page=1
2026-07-23 11:21:35.133 [INF] Start processing HTTP request GET https://api.pexels.com/v1/search?*
2026-07-23 11:21:35.133 [INF] Sending HTTP request GET https://api.pexels.com/v1/search?*
2026-07-23 11:21:35.144 [INF] Received HTTP response headers after 171.9692ms - 200
2026-07-23 11:21:35.144 [INF] End processing HTTP request after 172.1704ms - 200
2026-07-23 11:21:35.222 [INF] Received HTTP response headers after 578.9521ms - 200
2026-07-23 11:21:35.222 [INF] End processing HTTP request after 579.0309ms - 200
2026-07-23 11:21:35.229 [INF] ImageTools: selected photo index 1 (score 6/17) for query 'service Vehicle Upfitting & Equipment Install close-up of technician using drill and fasteners on metal shelving bracket'
2026-07-23 11:21:35.229 [INF] Start processing HTTP request GET https://images.pexels.com/photos/7285924/pexels-photo-7285924.jpeg?*
2026-07-23 11:21:35.229 [INF] Sending HTTP request GET https://images.pexels.com/photos/7285924/pexels-photo-7285924.jpeg?*
2026-07-23 11:21:35.243 [INF] Received HTTP response headers after 466.7502ms - 200
2026-07-23 11:21:35.243 [INF] End processing HTTP request after 466.8348ms - 200
2026-07-23 11:21:35.249 [INF] ImageTools: selected photo index 3 (score 3/16) for query 'Fleet Technology & Tracking Setup fleet service wide shot of technician working near fleet vehicles with diagnostic tools'
2026-07-23 11:21:35.249 [INF] Start processing HTTP request GET https://images.pexels.com/photos/8783587/pexels-photo-8783587.jpeg?*
2026-07-23 11:21:35.249 [INF] Sending HTTP request GET https://images.pexels.com/photos/8783587/pexels-photo-8783587.jpeg?*
2026-07-23 11:21:35.259 [INF] Received HTTP response headers after 176.435ms - 200
2026-07-23 11:21:35.259 [INF] End processing HTTP request after 176.5208ms - 200
2026-07-23 11:21:35.262 [INF] Fetching image from Pexels: query='minimalist industrial letter F logo mark with earthy tones on a dark background', orientation=square, page=1
2026-07-23 11:21:35.262 [INF] Start processing HTTP request GET https://api.pexels.com/v1/search?*
2026-07-23 11:21:35.262 [INF] Sending HTTP request GET https://api.pexels.com/v1/search?*
2026-07-23 11:21:35.287 [INF] Received HTTP response headers after 37.7059ms - 200
2026-07-23 11:21:35.287 [INF] End processing HTTP request after 37.7828ms - 200
2026-07-23 11:21:35.395 [INF] Received HTTP response headers after 165.8837ms - 200
2026-07-23 11:21:35.395 [INF] End processing HTTP request after 165.9564ms - 200
2026-07-23 11:21:35.585 [INF] Received HTTP response headers after 545.0575ms - 200
2026-07-23 11:21:35.585 [INF] End processing HTTP request after 545.1346ms - 200
2026-07-23 11:21:35.622 [INF] Received HTTP response headers after 621.0974ms - 200
2026-07-23 11:21:35.622 [INF] End processing HTTP request after 621.187ms - 200
2026-07-23 11:21:35.629 [INF] ImageTools: selected photo index 5 (score 4/15) for query 'service Fleet Technology & Tracking Setup close-up of hands connecting small tracking device under dashboard area'
2026-07-23 11:21:35.629 [INF] Start processing HTTP request GET https://images.pexels.com/photos/17947753/pexels-photo-17947753.jpeg?*
2026-07-23 11:21:35.629 [INF] Sending HTTP request GET https://images.pexels.com/photos/17947753/pexels-photo-17947753.jpeg?*
2026-07-23 11:21:35.677 [INF] Received HTTP response headers after 415.119ms - 200
2026-07-23 11:21:35.677 [INF] End processing HTTP request after 415.2425ms - 200
2026-07-23 11:21:35.704 [INF] ImageTools: selected photo index 6 (score 7/13) for query 'minimalist industrial letter F logo mark with earthy tones on a dark background'
2026-07-23 11:21:35.704 [INF] Start processing HTTP request GET https://images.pexels.com/photos/8168570/pexels-photo-8168570.png?*
2026-07-23 11:21:35.704 [INF] Sending HTTP request GET https://images.pexels.com/photos/8168570/pexels-photo-8168570.png?*
2026-07-23 11:21:35.748 [INF] Received HTTP response headers after 649.3818ms - 200
2026-07-23 11:21:35.748 [INF] End processing HTTP request after 649.4947ms - 200
2026-07-23 11:21:35.748 [INF] ImageTools: selected photo index 20 (score 7/18) for query 'service Fleet Technology & Tracking Setup side view of technician using laptop on workbench with vehicle in background'
2026-07-23 11:21:35.748 [INF] Start processing HTTP request GET https://images.pexels.com/photos/3844533/pexels-photo-3844533.jpeg?*
2026-07-23 11:21:35.748 [INF] Sending HTTP request GET https://images.pexels.com/photos/3844533/pexels-photo-3844533.jpeg?*
2026-07-23 11:21:35.805 [INF] Received HTTP response headers after 175.7213ms - 200
2026-07-23 11:21:35.805 [INF] End processing HTTP request after 175.7928ms - 200
2026-07-23 11:21:35.846 [INF] Received HTTP response headers after 712.505ms - 200
2026-07-23 11:21:35.846 [INF] End processing HTTP request after 712.6523ms - 200
2026-07-23 11:21:35.852 [INF] ImageTools: selected photo index 9 (score 7/16) for query 'service Fleet Technology & Tracking Setup close-up of smartphone app showing vehicle status and location tracking interface'
2026-07-23 11:21:35.852 [INF] Start processing HTTP request GET https://images.pexels.com/photos/17947753/pexels-photo-17947753.jpeg?*
2026-07-23 11:21:35.852 [INF] Sending HTTP request GET https://images.pexels.com/photos/17947753/pexels-photo-17947753.jpeg?*
2026-07-23 11:21:35.877 [INF] Received HTTP response headers after 172.9637ms - 200
2026-07-23 11:21:35.877 [INF] End processing HTTP request after 173.0465ms - 200
2026-07-23 11:21:35.897 [INF] Received HTTP response headers after 45.0462ms - 200
2026-07-23 11:21:35.897 [INF] End processing HTTP request after 45.1387ms - 200
2026-07-23 11:21:35.908 [INF] Received HTTP response headers after 159.567ms - 200
2026-07-23 11:21:35.908 [INF] End processing HTTP request after 159.6538ms - 200
2026-07-23 11:21:36.391 [INF] READ_FILE_FROM_VOLUME: Attempting to read 'fleet-services-agency/.architecture/page_sections/index/01-HeroSplitSection.json' from volume '9b4235eb-da8e-40b2-8bdc-bc883648ae1c'
2026-07-23 11:21:36.391 [INF] READ_FILE_FROM_VOLUME: Attempting to read 'fleet-services-agency/.architecture/page_sections/index/03-AboutImageSection.json' from volume '9b4235eb-da8e-40b2-8bdc-bc883648ae1c'
2026-07-23 11:21:36.392 [INF] READ_FILE_FROM_VOLUME: Attempting to read 'fleet-services-agency/.architecture/page_sections/about/01-HeroSplitSection.json' from volume '9b4235eb-da8e-40b2-8bdc-bc883648ae1c'
2026-07-23 11:21:36.392 [INF] READ_FILE_FROM_VOLUME: Attempting to read 'fleet-services-agency/.architecture/page_sections/about/02-AboutImageSection.json' from volume '9b4235eb-da8e-40b2-8bdc-bc883648ae1c'
2026-07-23 11:21:36.392 [INF] READ_FILE_FROM_VOLUME: Attempting to read 'fleet-services-agency/.architecture/page_sections/services/01-HeroSplitSection.json' from volume '9b4235eb-da8e-40b2-8bdc-bc883648ae1c'
2026-07-23 11:21:36.395 [INF] READ_FILE_FROM_VOLUME: Attempting to read 'fleet-services-agency/.architecture/collections/services/items.json' from volume '9b4235eb-da8e-40b2-8bdc-bc883648ae1c'
2026-07-23 11:21:37.028 [INF] READ_FILE_FROM_VOLUME: Successfully read 'fleet-services-agency/.architecture/page_sections/index/01-HeroSplitSection.json' (1430 bytes)
2026-07-23 11:21:37.387 [INF] READ_FILE_FROM_VOLUME: Successfully read 'fleet-services-agency/.architecture/page_sections/about/02-AboutImageSection.json' (1089 bytes)
2026-07-23 11:21:37.461 [INF] READ_FILE_FROM_VOLUME: Successfully read 'fleet-services-agency/.architecture/page_sections/about/01-HeroSplitSection.json' (753 bytes)
2026-07-23 11:21:37.482 [INF] READ_FILE_FROM_VOLUME: Successfully read 'fleet-services-agency/.architecture/collections/services/items.json' (20954 bytes)
2026-07-23 11:21:37.763 [INF] READ_FILE_FROM_VOLUME: Successfully read 'fleet-services-agency/.architecture/page_sections/index/03-AboutImageSection.json' (724 bytes)
2026-07-23 11:21:37.813 [INF] READ_FILE_FROM_VOLUME: Successfully read 'fleet-services-agency/.architecture/page_sections/services/01-HeroSplitSection.json' (675 bytes)
2026-07-23 11:21:49.009 [INF] WRITE_FILE_TO_VOLUME: Wrote file 'fleet-services-agency/.architecture/page_sections/index/01-HeroSplitSection.json' to volume '9b4235eb-da8e-40b2-8bdc-bc883648ae1c'
2026-07-23 11:21:49.820 [INF] WRITE_FILE_TO_VOLUME: Wrote file 'fleet-services-agency/.architecture/page_sections/about/01-HeroSplitSection.json' to volume '9b4235eb-da8e-40b2-8bdc-bc883648ae1c'
2026-07-23 11:21:49.822 [INF] WRITE_FILE_TO_VOLUME: Wrote file 'fleet-services-agency/.architecture/page_sections/about/02-AboutImageSection.json' to volume '9b4235eb-da8e-40b2-8bdc-bc883648ae1c'
2026-07-23 11:21:50.272 [INF] WRITE_FILE_TO_VOLUME: Wrote file 'fleet-services-agency/.architecture/page_sections/services/01-HeroSplitSection.json' to volume '9b4235eb-da8e-40b2-8bdc-bc883648ae1c'
2026-07-23 11:21:50.274 [INF] WRITE_FILE_TO_VOLUME: Wrote file 'fleet-services-agency/.architecture/collections/services/items.json' to volume '9b4235eb-da8e-40b2-8bdc-bc883648ae1c'
2026-07-23 11:21:50.277 [INF] WRITE_FILE_TO_VOLUME: Wrote file 'fleet-services-agency/.architecture/page_sections/index/03-AboutImageSection.json' to volume '9b4235eb-da8e-40b2-8bdc-bc883648ae1c'
2026-07-23 11:22:01.139 [INF] Executed DbCommand (1ms) [Parameters=[@__projectId_0='?' (DbType = Int64)], CommandType='"Text"', CommandTimeout='30']
SELECT "w"."Id", "w"."CheckpointsJson", "w"."ProjectId", "w"."UpdatedAtUtc"
FROM "WorkflowCheckpoints" AS "w"
WHERE "w"."ProjectId" = @__projectId_0
LIMIT 1
2026-07-23 11:22:01.140 [INF] Executed DbCommand (0ms) [Parameters=[@p2='?' (DbType = Int64), @p0='?' (Size = 3415), @p1='?' (DbType = DateTime)], CommandType='"Text"', CommandTimeout='30']
UPDATE "WorkflowCheckpoints" SET "CheckpointsJson" = @p0, "UpdatedAtUtc" = @p1
WHERE "Id" = @p2
RETURNING 1;
2026-07-23 09:22:01.141 [INF] step_done:Image
2026-07-23 11:22:01.156 [INF] Executed DbCommand (0ms) [Parameters=[@__projectId_0='?' (DbType = Int64)], CommandType='"Text"', CommandTimeout='30']
SELECT "w"."Id", "w"."CheckpointsJson", "w"."ProjectId", "w"."UpdatedAtUtc"
FROM "WorkflowCheckpoints" AS "w"
WHERE "w"."ProjectId" = @__projectId_0
LIMIT 1
2026-07-23 09:22:01.156 [INF] step_start:ContentMerge
2026-07-23 11:22:01.161 [INF] BATCH_READ_FILES_FROM_VOLUME: Attempting to read 9 files from volume '9b4235eb-da8e-40b2-8bdc-bc883648ae1c'
2026-07-23 11:22:01.888 [INF] BATCH_READ_FILES_FROM_VOLUME: Read 9/9 files successfully from volume '9b4235eb-da8e-40b2-8bdc-bc883648ae1c'
2026-07-23 11:22:12.302 [INF] BATCH_READ_FILES_FROM_VOLUME: Attempting to read 36 files from volume '9b4235eb-da8e-40b2-8bdc-bc883648ae1c'
2026-07-23 11:22:13.494 [INF] BATCH_READ_FILES_FROM_VOLUME: Read 36/36 files successfully from volume '9b4235eb-da8e-40b2-8bdc-bc883648ae1c'
2026-07-23 11:22:23.993 [INF] BATCH_READ_FILES_FROM_VOLUME: Attempting to read 28 files from volume '9b4235eb-da8e-40b2-8bdc-bc883648ae1c'
2026-07-23 11:22:25.110 [INF] BATCH_READ_FILES_FROM_VOLUME: Read 28/28 files successfully from volume '9b4235eb-da8e-40b2-8bdc-bc883648ae1c'
2026-07-23 11:22:35.442 [INF] BATCH_READ_FILES_FROM_VOLUME: Attempting to read 2 files from volume '9b4235eb-da8e-40b2-8bdc-bc883648ae1c'
2026-07-23 11:22:35.953 [INF] BATCH_READ_FILES_FROM_VOLUME: Read 2/2 files successfully from volume '9b4235eb-da8e-40b2-8bdc-bc883648ae1c'
2026-07-23 11:22:46.330 [INF] READ_FILE_FROM_VOLUME: Attempting to read 'fleet-services-agency/.architecture/design.json' from volume '9b4235eb-da8e-40b2-8bdc-bc883648ae1c'
2026-07-23 11:22:46.832 [INF] READ_FILE_FROM_VOLUME: Successfully read 'fleet-services-agency/.architecture/design.json' (25562 bytes)
2026-07-23 11:22:57.819 [INF] WRITE_FILE_TO_VOLUME: Wrote file 'fleet-services-agency/.architecture/architecture-merged.json' to volume '9b4235eb-da8e-40b2-8bdc-bc883648ae1c'
2026-07-23 11:23:08.180 [INF] BATCH_READ_FILES_FROM_VOLUME: Attempting to read 9 files from volume '9b4235eb-da8e-40b2-8bdc-bc883648ae1c'
2026-07-23 11:23:08.814 [INF] BATCH_READ_FILES_FROM_VOLUME: Read 9/9 files successfully from volume '9b4235eb-da8e-40b2-8bdc-bc883648ae1c'
2026-07-23 11:23:19.218 [INF] BATCH_READ_FILES_FROM_VOLUME: Attempting to read 36 files from volume '9b4235eb-da8e-40b2-8bdc-bc883648ae1c'
2026-07-23 11:23:20.829 [INF] BATCH_READ_FILES_FROM_VOLUME: Read 36/36 files successfully from volume '9b4235eb-da8e-40b2-8bdc-bc883648ae1c'
2026-07-23 11:23:31.192 [INF] READ_FILE_FROM_VOLUME: Attempting to read 'fleet-services-agency/.architecture/pages/index.json' from volume '9b4235eb-da8e-40b2-8bdc-bc883648ae1c'
2026-07-23 11:23:31.664 [INF] READ_FILE_FROM_VOLUME: Successfully read 'fleet-services-agency/.architecture/pages/index.json' (3327 bytes)
2026-07-23 11:23:42.060 [INF] BATCH_READ_FILES_FROM_VOLUME: Attempting to read 6 files from volume '9b4235eb-da8e-40b2-8bdc-bc883648ae1c'
2026-07-23 11:23:42.725 [INF] BATCH_READ_FILES_FROM_VOLUME: Read 6/6 files successfully from volume '9b4235eb-da8e-40b2-8bdc-bc883648ae1c'
2026-07-23 11:23:53.060 [INF] READ_FILE_FROM_VOLUME: Attempting to read 'fleet-services-agency/.architecture/pages/about.json' from volume '9b4235eb-da8e-40b2-8bdc-bc883648ae1c'
2026-07-23 11:23:53.568 [INF] READ_FILE_FROM_VOLUME: Successfully read 'fleet-services-agency/.architecture/pages/about.json' (3199 bytes)
2026-07-23 11:24:03.990 [INF] BATCH_READ_FILES_FROM_VOLUME: Attempting to read 6 files from volume '9b4235eb-da8e-40b2-8bdc-bc883648ae1c'
2026-07-23 11:24:04.632 [INF] BATCH_READ_FILES_FROM_VOLUME: Read 6/6 files successfully from volume '9b4235eb-da8e-40b2-8bdc-bc883648ae1c'
2026-07-23 11:24:15.006 [INF] READ_FILE_FROM_VOLUME: Attempting to read 'fleet-services-agency/.architecture/pages/services.json' from volume '9b4235eb-da8e-40b2-8bdc-bc883648ae1c'
2026-07-23 11:24:15.541 [INF] READ_FILE_FROM_VOLUME: Successfully read 'fleet-services-agency/.architecture/pages/services.json' (3555 bytes)
2026-07-23 11:24:25.905 [INF] BATCH_READ_FILES_FROM_VOLUME: Attempting to read 6 files from volume '9b4235eb-da8e-40b2-8bdc-bc883648ae1c'
2026-07-23 11:24:26.441 [INF] BATCH_READ_FILES_FROM_VOLUME: Read 6/6 files successfully from volume '9b4235eb-da8e-40b2-8bdc-bc883648ae1c'
2026-07-23 11:24:36.869 [INF] READ_FILE_FROM_VOLUME: Attempting to read 'fleet-services-agency/.architecture/pages/service-detail.json' from volume '9b4235eb-da8e-40b2-8bdc-bc883648ae1c'
2026-07-23 11:24:37.312 [INF] READ_FILE_FROM_VOLUME: Successfully read 'fleet-services-agency/.architecture/pages/service-detail.json' (3870 bytes)
2026-07-23 11:24:47.679 [INF] BATCH_READ_FILES_FROM_VOLUME: Attempting to read 4 files from volume '9b4235eb-da8e-40b2-8bdc-bc883648ae1c'
2026-07-23 11:24:48.245 [INF] BATCH_READ_FILES_FROM_VOLUME: Read 4/4 files successfully from volume '9b4235eb-da8e-40b2-8bdc-bc883648ae1c'
2026-07-23 11:24:58.712 [INF] READ_FILE_FROM_VOLUME: Attempting to read 'fleet-services-agency/.architecture/pages/contact.json' from volume '9b4235eb-da8e-40b2-8bdc-bc883648ae1c'
2026-07-23 11:24:59.255 [INF] READ_FILE_FROM_VOLUME: Successfully read 'fleet-services-agency/.architecture/pages/contact.json' (2590 bytes)
2026-07-23 11:25:09.693 [INF] BATCH_READ_FILES_FROM_VOLUME: Attempting to read 4 files from volume '9b4235eb-da8e-40b2-8bdc-bc883648ae1c'
2026-07-23 11:25:10.263 [INF] BATCH_READ_FILES_FROM_VOLUME: Read 4/4 files successfully from volume '9b4235eb-da8e-40b2-8bdc-bc883648ae1c'
2026-07-23 11:25:20.644 [INF] READ_FILE_FROM_VOLUME: Attempting to read 'fleet-services-agency/.architecture/pages/privacy.json' from volume '9b4235eb-da8e-40b2-8bdc-bc883648ae1c'
2026-07-23 11:25:21.110 [INF] READ_FILE_FROM_VOLUME: Successfully read 'fleet-services-agency/.architecture/pages/privacy.json' (1246 bytes)
2026-07-23 11:25:31.468 [INF] BATCH_READ_FILES_FROM_VOLUME: Attempting to read 1 files from volume '9b4235eb-da8e-40b2-8bdc-bc883648ae1c'
2026-07-23 11:25:32.011 [INF] BATCH_READ_FILES_FROM_VOLUME: Read 1/1 files successfully from volume '9b4235eb-da8e-40b2-8bdc-bc883648ae1c'
2026-07-23 11:25:42.360 [INF] READ_FILE_FROM_VOLUME: Attempting to read 'fleet-services-agency/.architecture/pages/terms.json' from volume '9b4235eb-da8e-40b2-8bdc-bc883648ae1c'
2026-07-23 11:25:42.853 [INF] READ_FILE_FROM_VOLUME: Successfully read 'fleet-services-agency/.architecture/pages/terms.json' (1210 bytes)
2026-07-23 11:25:53.283 [INF] BATCH_READ_FILES_FROM_VOLUME: Attempting to read 1 files from volume '9b4235eb-da8e-40b2-8bdc-bc883648ae1c'
2026-07-23 11:25:53.852 [INF] BATCH_READ_FILES_FROM_VOLUME: Read 1/1 files successfully from volume '9b4235eb-da8e-40b2-8bdc-bc883648ae1c'
2026-07-23 11:26:04.261 [INF] READ_FILE_FROM_VOLUME: Attempting to read 'fleet-services-agency/.architecture/pages/404.json' from volume '9b4235eb-da8e-40b2-8bdc-bc883648ae1c'
2026-07-23 11:26:04.750 [INF] READ_FILE_FROM_VOLUME: Successfully read 'fleet-services-agency/.architecture/pages/404.json' (591 bytes)
2026-07-23 11:26:15.143 [INF] BATCH_WRITE_FILES_TO_VOLUME: Attempting to write 7 files to volume '9b4235eb-da8e-40b2-8bdc-bc883648ae1c'
2026-07-23 11:26:15.898 [INF] BATCH_WRITE_FILES_TO_VOLUME: Wrote 7/7 files successfully to volume '9b4235eb-da8e-40b2-8bdc-bc883648ae1c'
2026-07-23 11:26:26.327 [INF] READ_FILE_FROM_VOLUME: Attempting to read 'fleet-services-agency/.architecture/collections/_index.json' from volume '9b4235eb-da8e-40b2-8bdc-bc883648ae1c'
2026-07-23 11:26:26.821 [INF] READ_FILE_FROM_VOLUME: Successfully read 'fleet-services-agency/.architecture/collections/_index.json' (12 bytes)
2026-07-23 11:26:37.216 [INF] READ_FILE_FROM_VOLUME: Attempting to read 'fleet-services-agency/.architecture/collections/services/items.json' from volume '9b4235eb-da8e-40b2-8bdc-bc883648ae1c'
2026-07-23 11:26:37.742 [INF] READ_FILE_FROM_VOLUME: Successfully read 'fleet-services-agency/.architecture/collections/services/items.json' (19890 bytes)
2026-07-23 11:26:48.255 [INF] BATCH_WRITE_FILES_TO_VOLUME: Attempting to write 1 files to volume '9b4235eb-da8e-40b2-8bdc-bc883648ae1c'
2026-07-23 11:26:49.059 [INF] BATCH_WRITE_FILES_TO_VOLUME: Wrote 1/1 files successfully to volume '9b4235eb-da8e-40b2-8bdc-bc883648ae1c'
2026-07-23 11:26:59.441 [INF] Executed DbCommand (2ms) [Parameters=[@__projectId_0='?' (DbType = Int64)], CommandType='"Text"', CommandTimeout='30']
SELECT "w"."Id", "w"."CheckpointsJson", "w"."ProjectId", "w"."UpdatedAtUtc"
FROM "WorkflowCheckpoints" AS "w"
WHERE "w"."ProjectId" = @__projectId_0
LIMIT 1
2026-07-23 11:26:59.443 [INF] Executed DbCommand (0ms) [Parameters=[@p2='?' (DbType = Int64), @p0='?' (Size = 3467), @p1='?' (DbType = DateTime)], CommandType='"Text"', CommandTimeout='30']
UPDATE "WorkflowCheckpoints" SET "CheckpointsJson" = @p0, "UpdatedAtUtc" = @p1
WHERE "Id" = @p2
RETURNING 1;
2026-07-23 09:26:59.449 [INF] step_done:ContentMerge
2026-07-23 11:26:59.452 [INF] Executed DbCommand (0ms) [Parameters=[@__projectId_0='?' (DbType = Int64)], CommandType='"Text"', CommandTimeout='30']
SELECT "w"."Id", "w"."CheckpointsJson", "w"."ProjectId", "w"."UpdatedAtUtc"
FROM "WorkflowCheckpoints" AS "w"
WHERE "w"."ProjectId" = @__projectId_0
LIMIT 1
2026-07-23 11:26:59.468 [INF] Executed DbCommand (0ms) [Parameters=[@__projectId_0='?' (DbType = Int64)], CommandType='"Text"', CommandTimeout='30']
SELECT "w"."Id", "w"."CheckpointsJson", "w"."ProjectId", "w"."UpdatedAtUtc"
FROM "WorkflowCheckpoints" AS "w"
WHERE "w"."ProjectId" = @__projectId_0
LIMIT 1
2026-07-23 11:26:59.468 [INF] Executed DbCommand (0ms) [Parameters=[@p2='?' (DbType = Int64), @p0='?' (Size = 3492), @p1='?' (DbType = DateTime)], CommandType='"Text"', CommandTimeout='30']
UPDATE "WorkflowCheckpoints" SET "CheckpointsJson" = @p0, "UpdatedAtUtc" = @p1
WHERE "Id" = @p2
RETURNING 1;
2026-07-23 09:26:59.470 [INF] step_start:TsxAgent
2026-07-23 11:26:59.471 [INF] READ_FILE_FROM_VOLUME: Attempting to read 'fleet-services-agency/.architecture/architecture-merged.json' from volume '9b4235eb-da8e-40b2-8bdc-bc883648ae1c'
2026-07-23 11:27:00.084 [INF] READ_FILE_FROM_VOLUME: Successfully read 'fleet-services-agency/.architecture/architecture-merged.json' (91656 bytes)
2026-07-23 11:27:10.477 [INF] READ_FILE_FROM_VOLUME: Attempting to read 'fleet-services-agency/src/types/components.ts' from volume '9b4235eb-da8e-40b2-8bdc-bc883648ae1c'
2026-07-23 11:27:21.971 [INF] WRITE_FILE_TO_VOLUME: Wrote file 'fleet-services-agency/src/types/components.ts' to volume '9b4235eb-da8e-40b2-8bdc-bc883648ae1c'
2026-07-23 09:27:32.395 [INF] components_init:{"items":[{"name":"SectionHeading","kind":"component"},{"name":"BenefitItem","kind":"component"},{"name":"ProcessStep","kind":"component"},{"name":"StatItem","kind":"component"},{"name":"TimelineItem","kind":"component"},{"name":"ServiceCard","kind":"component"},{"name":"BrandLogo","kind":"component"},{"name":"NavLinks","kind":"component"},{"name":"SocialLinks","kind":"component"},{"name":"MobileMenuToggle","kind":"component"},{"name":"FooterNav","kind":"component"},{"name":"HeroSplitSection","kind":"component"},{"name":"BenefitsSection","kind":"component"},{"name":"ProcessSection","kind":"component"},{"name":"StatsSection","kind":"component"},{"name":"AboutImageSection","kind":"component"},{"name":"TimelineSection","kind":"component"},{"name":"ContactSplitSection","kind":"component"},{"name":"MapSection","kind":"component"},{"name":"CtaBannerSection","kind":"component"},{"name":"TextProseSection","kind":"component"},{"name":"Header","kind":"component"},{"name":"Footer","kind":"component"},{"name":"RootLayout","kind":"layout"},{"name":"HomePage","kind":"page"},{"name":"AboutPage","kind":"page"},{"name":"ServicesPage","kind":"page"},{"name":"ServiceDetailPage","kind":"page"},{"name":"ContactPage","kind":"page"},{"name":"PrivacyPage","kind":"page"},{"name":"TermsPage","kind":"page"},{"name":"NotFoundPage","kind":"page"}],"total":32}
2026-07-23 11:27:32.400 [INF] Executed DbCommand (0ms) [Parameters=[@__projectId_0='?' (DbType = Int64)], CommandType='"Text"', CommandTimeout='30']
SELECT "w"."Id", "w"."CheckpointsJson", "w"."ProjectId", "w"."UpdatedAtUtc"
FROM "WorkflowCheckpoints" AS "w"
WHERE "w"."ProjectId" = @__projectId_0
LIMIT 1
2026-07-23 11:27:32.402 [INF] Executed DbCommand (0ms) [Parameters=[@p2='?' (DbType = Int64), @p0='?' (Size = 7320), @p1='?' (DbType = DateTime)], CommandType='"Text"', CommandTimeout='30']
UPDATE "WorkflowCheckpoints" SET "CheckpointsJson" = @p0, "UpdatedAtUtc" = @p1
WHERE "Id" = @p2
RETURNING 1;
2026-07-23 11:28:04.365 [INF] RUN_NPM_COMMAND_ON_VOLUME: Run npm exec -- shadcn@latest add button card input label sheet textarea --yes on volume 9b4235eb-da8e-40b2-8bdc-bc883648ae1c at path /app/fleet-services-agency - Exit code: 0
  - src/components/ui/button.tsx
  - src/components/ui/card.tsx
  - src/components/ui/input.tsx
  - src/components/ui/label.tsx
  - src/components/ui/sheet.tsx
  - src/components/ui/textarea.tsx


STDERR:
npm warn exec The following package was not found and will be installed: shadcn@4.14.0
- Checking registry.
✔ Checking registry.
- Installing dependencies.
- Installing dependencies.
✔ Installing dependencies.
- Updating files.
✔ Created 6 files:
npm notice
npm notice New major version of npm available! 10.8.2 -> 12.0.1
npm notice Changelog: https://github.com/npm/cli/releases/tag/v12.0.1
npm notice To update run: npm install -g npm@12.0.1
npm notice
2026-07-23 09:28:04.750 [INF] TSX: shadcn installed (6 components)
2026-07-23 11:28:04.751 [INF] Executed DbCommand (0ms) [Parameters=[@__projectId_0='?' (DbType = Int64)], CommandType='"Text"', CommandTimeout='30']
SELECT "w"."Id", "w"."CheckpointsJson", "w"."ProjectId", "w"."UpdatedAtUtc"
FROM "WorkflowCheckpoints" AS "w"
WHERE "w"."ProjectId" = @__projectId_0
LIMIT 1
2026-07-23 11:28:04.751 [INF] Executed DbCommand (0ms) [Parameters=[@p2='?' (DbType = Int64), @p0='?' (Size = 7382), @p1='?' (DbType = DateTime)], CommandType='"Text"', CommandTimeout='30']
UPDATE "WorkflowCheckpoints" SET "CheckpointsJson" = @p0, "UpdatedAtUtc" = @p1
WHERE "Id" = @p2
RETURNING 1;
2026-07-23 11:28:09.270 [INF] WRITE_FILE_TO_VOLUME: Wrote file 'fleet-services-agency/src/components/ProcessStep.tsx' to volume '9b4235eb-da8e-40b2-8bdc-bc883648ae1c'
2026-07-23 11:28:09.372 [INF] WRITE_FILE_TO_VOLUME: Wrote file 'fleet-services-agency/src/components/TimelineItem.tsx' to volume '9b4235eb-da8e-40b2-8bdc-bc883648ae1c'
2026-07-23 11:28:09.628 [INF] WRITE_FILE_TO_VOLUME: Wrote file 'fleet-services-agency/src/components/StatItem.tsx' to volume '9b4235eb-da8e-40b2-8bdc-bc883648ae1c'
2026-07-23 11:28:10.159 [INF] WRITE_FILE_TO_VOLUME: Wrote file 'fleet-services-agency/src/components/BrandLogo.tsx' to volume '9b4235eb-da8e-40b2-8bdc-bc883648ae1c'
2026-07-23 11:28:10.199 [INF] WRITE_FILE_TO_VOLUME: Wrote file 'fleet-services-agency/src/components/SectionHeading.tsx' to volume '9b4235eb-da8e-40b2-8bdc-bc883648ae1c'
2026-07-23 11:28:10.499 [INF] WRITE_FILE_TO_VOLUME: Wrote file 'fleet-services-agency/src/components/NavLinks.tsx' to volume '9b4235eb-da8e-40b2-8bdc-bc883648ae1c'
2026-07-23 11:28:12.770 [INF] WRITE_FILE_TO_VOLUME: Wrote file 'fleet-services-agency/src/components/ServiceCard.tsx' to volume '9b4235eb-da8e-40b2-8bdc-bc883648ae1c'
2026-07-23 11:28:13.137 [INF] WRITE_FILE_TO_VOLUME: Wrote file 'fleet-services-agency/src/components/BenefitItem.tsx' to volume '9b4235eb-da8e-40b2-8bdc-bc883648ae1c'
2026-07-23 11:28:24.766 [INF] RUN_NPM_COMMAND_ON_VOLUME: Run npm exec --no-update-notifier -- eslint --fix --no-warn-ignored src/components/ProcessStep.tsx on volume 9b4235eb-da8e-40b2-8bdc-bc883648ae1c at path /app/fleet-services-agency - Exit code: 0
2026-07-23 11:28:26.417 [INF] RUN_NPM_COMMAND_ON_VOLUME: Run npm exec --no-update-notifier -- eslint --fix --no-warn-ignored src/components/TimelineItem.tsx on volume 9b4235eb-da8e-40b2-8bdc-bc883648ae1c at path /app/fleet-services-agency - Exit code: 0
2026-07-23 11:28:26.486 [INF] RUN_NPM_COMMAND_ON_VOLUME: Run npm exec --no-update-notifier -- eslint --fix --no-warn-ignored src/components/BrandLogo.tsx on volume 9b4235eb-da8e-40b2-8bdc-bc883648ae1c at path /app/fleet-services-agency - Exit code: 0
2026-07-23 11:28:26.667 [INF] RUN_NPM_COMMAND_ON_VOLUME: Run npm exec --no-update-notifier -- eslint --fix --no-warn-ignored src/components/StatItem.tsx on volume 9b4235eb-da8e-40b2-8bdc-bc883648ae1c at path /app/fleet-services-agency - Exit code: 0
2026-07-23 11:28:26.845 [INF] RUN_NPM_COMMAND_ON_VOLUME: Run npm exec --no-update-notifier -- eslint --fix --no-warn-ignored src/components/NavLinks.tsx on volume 9b4235eb-da8e-40b2-8bdc-bc883648ae1c at path /app/fleet-services-agency - Exit code: 0
2026-07-23 11:28:27.005 [INF] RUN_NPM_COMMAND_ON_VOLUME: Run npm exec --no-update-notifier -- eslint --fix --no-warn-ignored src/components/SectionHeading.tsx on volume 9b4235eb-da8e-40b2-8bdc-bc883648ae1c at path /app/fleet-services-agency - Exit code: 0
2026-07-23 11:28:27.387 [INF] RUN_NPM_COMMAND_ON_VOLUME: Run npm exec --no-update-notifier -- eslint --fix --no-warn-ignored src/components/ServiceCard.tsx on volume 9b4235eb-da8e-40b2-8bdc-bc883648ae1c at path /app/fleet-services-agency - Exit code: 0
2026-07-23 11:28:27.586 [INF] RUN_NPM_COMMAND_ON_VOLUME: Run npm exec --no-update-notifier -- eslint --fix --no-warn-ignored src/components/BenefitItem.tsx on volume 9b4235eb-da8e-40b2-8bdc-bc883648ae1c at path /app/fleet-services-agency - Exit code: 0
2026-07-23 11:28:29.320 [INF] RUN_NPM_COMMAND_ON_VOLUME: Run npm exec --no-update-notifier -- eslint --no-warn-ignored --max-warnings 0 src/components/ProcessStep.tsx on volume 9b4235eb-da8e-40b2-8bdc-bc883648ae1c at path /app/fleet-services-agency - Exit code: 0
2026-07-23 11:28:29.339 [INF] Executed DbCommand (0ms) [Parameters=[@__projectId_0='?' (DbType = Int64)], CommandType='"Text"', CommandTimeout='30']
SELECT "w"."Id", "w"."CheckpointsJson", "w"."ProjectId", "w"."UpdatedAtUtc"
FROM "WorkflowCheckpoints" AS "w"
WHERE "w"."ProjectId" = @__projectId_0
LIMIT 1
2026-07-23 11:28:29.340 [INF] Executed DbCommand (0ms) [Parameters=[@p2='?' (DbType = Int64), @p0='?' (Size = 7406), @p1='?' (DbType = DateTime)], CommandType='"Text"', CommandTimeout='30']
UPDATE "WorkflowCheckpoints" SET "CheckpointsJson" = @p0, "UpdatedAtUtc" = @p1
WHERE "Id" = @p2
RETURNING 1;
2026-07-23 09:28:29.343 [INF] component_done:ProcessStep
2026-07-23 11:28:30.407 [INF] RUN_NPM_COMMAND_ON_VOLUME: Run npm exec --no-update-notifier -- eslint --no-warn-ignored --max-warnings 0 src/components/TimelineItem.tsx on volume 9b4235eb-da8e-40b2-8bdc-bc883648ae1c at path /app/fleet-services-agency - Exit code: 0
2026-07-23 11:28:30.430 [INF] Executed DbCommand (0ms) [Parameters=[@__projectId_0='?' (DbType = Int64)], CommandType='"Text"', CommandTimeout='30']
SELECT "w"."Id", "w"."CheckpointsJson", "w"."ProjectId", "w"."UpdatedAtUtc"
FROM "WorkflowCheckpoints" AS "w"
WHERE "w"."ProjectId" = @__projectId_0
LIMIT 1
2026-07-23 11:28:30.431 [INF] Executed DbCommand (0ms) [Parameters=[@p2='?' (DbType = Int64), @p0='?' (Size = 7432), @p1='?' (DbType = DateTime)], CommandType='"Text"', CommandTimeout='30']
UPDATE "WorkflowCheckpoints" SET "CheckpointsJson" = @p0, "UpdatedAtUtc" = @p1
WHERE "Id" = @p2
RETURNING 1;
2026-07-23 09:28:30.433 [INF] component_done:TimelineItem
2026-07-23 11:28:31.735 [INF] RUN_NPM_COMMAND_ON_VOLUME: Run npm exec --no-update-notifier -- eslint --no-warn-ignored --max-warnings 0 src/components/BrandLogo.tsx on volume 9b4235eb-da8e-40b2-8bdc-bc883648ae1c at path /app/fleet-services-agency - Exit code: 0
2026-07-23 11:28:31.755 [INF] Executed DbCommand (0ms) [Parameters=[@__projectId_0='?' (DbType = Int64)], CommandType='"Text"', CommandTimeout='30']
SELECT "w"."Id", "w"."CheckpointsJson", "w"."ProjectId", "w"."UpdatedAtUtc"
FROM "WorkflowCheckpoints" AS "w"
WHERE "w"."ProjectId" = @__projectId_0
LIMIT 1
2026-07-23 11:28:31.756 [INF] Executed DbCommand (0ms) [Parameters=[@p2='?' (DbType = Int64), @p0='?' (Size = 7458), @p1='?' (DbType = DateTime)], CommandType='"Text"', CommandTimeout='30']
UPDATE "WorkflowCheckpoints" SET "CheckpointsJson" = @p0, "UpdatedAtUtc" = @p1
WHERE "Id" = @p2
RETURNING 1;
2026-07-23 09:28:31.757 [INF] component_done:BrandLogo
2026-07-23 11:28:32.818 [INF] RUN_NPM_COMMAND_ON_VOLUME: Run npm exec --no-update-notifier -- eslint --no-warn-ignored --max-warnings 0 src/components/StatItem.tsx on volume 9b4235eb-da8e-40b2-8bdc-bc883648ae1c at path /app/fleet-services-agency - Exit code: 0
2026-07-23 11:28:32.844 [INF] Executed DbCommand (0ms) [Parameters=[@__projectId_0='?' (DbType = Int64)], CommandType='"Text"', CommandTimeout='30']
SELECT "w"."Id", "w"."CheckpointsJson", "w"."ProjectId", "w"."UpdatedAtUtc"
FROM "WorkflowCheckpoints" AS "w"
WHERE "w"."ProjectId" = @__projectId_0
LIMIT 1
2026-07-23 11:28:32.845 [INF] Executed DbCommand (0ms) [Parameters=[@p2='?' (DbType = Int64), @p0='?' (Size = 7484), @p1='?' (DbType = DateTime)], CommandType='"Text"', CommandTimeout='30']
UPDATE "WorkflowCheckpoints" SET "CheckpointsJson" = @p0, "UpdatedAtUtc" = @p1
WHERE "Id" = @p2
RETURNING 1;
2026-07-23 09:28:32.847 [INF] component_done:StatItem
2026-07-23 11:28:33.007 [INF] RUN_NPM_COMMAND_ON_VOLUME: Run npm exec --no-update-notifier -- eslint --no-warn-ignored --max-warnings 0 src/components/SectionHeading.tsx on volume 9b4235eb-da8e-40b2-8bdc-bc883648ae1c at path /app/fleet-services-agency - Exit code: 0
2026-07-23 11:28:33.019 [INF] Executed DbCommand (0ms) [Parameters=[@__projectId_0='?' (DbType = Int64)], CommandType='"Text"', CommandTimeout='30']
SELECT "w"."Id", "w"."CheckpointsJson", "w"."ProjectId", "w"."UpdatedAtUtc"
FROM "WorkflowCheckpoints" AS "w"
WHERE "w"."ProjectId" = @__projectId_0
LIMIT 1
2026-07-23 11:28:33.020 [INF] Executed DbCommand (0ms) [Parameters=[@p2='?' (DbType = Int64), @p0='?' (Size = 7510), @p1='?' (DbType = DateTime)], CommandType='"Text"', CommandTimeout='30']
UPDATE "WorkflowCheckpoints" SET "CheckpointsJson" = @p0, "UpdatedAtUtc" = @p1
WHERE "Id" = @p2
RETURNING 1;
2026-07-23 09:28:33.021 [INF] component_done:SectionHeading
2026-07-23 11:28:33.117 [INF] RUN_NPM_COMMAND_ON_VOLUME: Run npm exec --no-update-notifier -- eslint --no-warn-ignored --max-warnings 0 src/components/NavLinks.tsx on volume 9b4235eb-da8e-40b2-8bdc-bc883648ae1c at path /app/fleet-services-agency - Exit code: 0
2026-07-23 11:28:33.130 [INF] Executed DbCommand (0ms) [Parameters=[@__projectId_0='?' (DbType = Int64)], CommandType='"Text"', CommandTimeout='30']
SELECT "w"."Id", "w"."CheckpointsJson", "w"."ProjectId", "w"."UpdatedAtUtc"
FROM "WorkflowCheckpoints" AS "w"
WHERE "w"."ProjectId" = @__projectId_0
LIMIT 1
2026-07-23 11:28:33.131 [INF] Executed DbCommand (0ms) [Parameters=[@p2='?' (DbType = Int64), @p0='?' (Size = 7536), @p1='?' (DbType = DateTime)], CommandType='"Text"', CommandTimeout='30']
UPDATE "WorkflowCheckpoints" SET "CheckpointsJson" = @p0, "UpdatedAtUtc" = @p1
WHERE "Id" = @p2
RETURNING 1;
2026-07-23 09:28:33.132 [INF] component_done:NavLinks
2026-07-23 11:28:33.256 [INF] RUN_NPM_COMMAND_ON_VOLUME: Run npm exec --no-update-notifier -- eslint --no-warn-ignored --max-warnings 0 src/components/ServiceCard.tsx on volume 9b4235eb-da8e-40b2-8bdc-bc883648ae1c at path /app/fleet-services-agency - Exit code: 0
2026-07-23 11:28:33.268 [INF] Executed DbCommand (0ms) [Parameters=[@__projectId_0='?' (DbType = Int64)], CommandType='"Text"', CommandTimeout='30']
SELECT "w"."Id", "w"."CheckpointsJson", "w"."ProjectId", "w"."UpdatedAtUtc"
FROM "WorkflowCheckpoints" AS "w"
WHERE "w"."ProjectId" = @__projectId_0
LIMIT 1
2026-07-23 11:28:33.269 [INF] Executed DbCommand (0ms) [Parameters=[@p2='?' (DbType = Int64), @p0='?' (Size = 7562), @p1='?' (DbType = DateTime)], CommandType='"Text"', CommandTimeout='30']
UPDATE "WorkflowCheckpoints" SET "CheckpointsJson" = @p0, "UpdatedAtUtc" = @p1
WHERE "Id" = @p2
RETURNING 1;
2026-07-23 09:28:33.270 [INF] component_done:ServiceCard
2026-07-23 11:28:33.389 [INF] RUN_NPM_COMMAND_ON_VOLUME: Run npm exec --no-update-notifier -- eslint --no-warn-ignored --max-warnings 0 src/components/BenefitItem.tsx on volume 9b4235eb-da8e-40b2-8bdc-bc883648ae1c at path /app/fleet-services-agency - Exit code: 0
2026-07-23 11:28:33.402 [INF] Executed DbCommand (0ms) [Parameters=[@__projectId_0='?' (DbType = Int64)], CommandType='"Text"', CommandTimeout='30']
SELECT "w"."Id", "w"."CheckpointsJson", "w"."ProjectId", "w"."UpdatedAtUtc"
FROM "WorkflowCheckpoints" AS "w"
WHERE "w"."ProjectId" = @__projectId_0
LIMIT 1
2026-07-23 11:28:33.403 [INF] Executed DbCommand (0ms) [Parameters=[@p2='?' (DbType = Int64), @p0='?' (Size = 7588), @p1='?' (DbType = DateTime)], CommandType='"Text"', CommandTimeout='30']
UPDATE "WorkflowCheckpoints" SET "CheckpointsJson" = @p0, "UpdatedAtUtc" = @p1
WHERE "Id" = @p2
RETURNING 1;
2026-07-23 09:28:33.404 [INF] component_done:BenefitItem
2026-07-23 11:28:34.441 [INF] WRITE_FILE_TO_VOLUME: Wrote file 'fleet-services-agency/src/components/SocialLinks.tsx' to volume '9b4235eb-da8e-40b2-8bdc-bc883648ae1c'
2026-07-23 11:28:35.241 [INF] WRITE_FILE_TO_VOLUME: Wrote file 'fleet-services-agency/src/components/FooterNav.tsx' to volume '9b4235eb-da8e-40b2-8bdc-bc883648ae1c'
2026-07-23 11:28:35.637 [INF] WRITE_FILE_TO_VOLUME: Wrote file 'fleet-services-agency/src/components/MobileMenuToggle.tsx' to volume '9b4235eb-da8e-40b2-8bdc-bc883648ae1c'
2026-07-23 11:28:47.792 [INF] RUN_NPM_COMMAND_ON_VOLUME: Run npm exec --no-update-notifier -- eslint --fix --no-warn-ignored src/components/SocialLinks.tsx on volume 9b4235eb-da8e-40b2-8bdc-bc883648ae1c at path /app/fleet-services-agency - Exit code: 0
2026-07-23 11:28:48.809 [INF] RUN_NPM_COMMAND_ON_VOLUME: Run npm exec --no-update-notifier -- eslint --fix --no-warn-ignored src/components/FooterNav.tsx on volume 9b4235eb-da8e-40b2-8bdc-bc883648ae1c at path /app/fleet-services-agency - Exit code: 0
2026-07-23 11:28:49.116 [INF] RUN_NPM_COMMAND_ON_VOLUME: Run npm exec --no-update-notifier -- eslint --fix --no-warn-ignored src/components/MobileMenuToggle.tsx on volume 9b4235eb-da8e-40b2-8bdc-bc883648ae1c at path /app/fleet-services-agency - Exit code: 0
2026-07-23 11:28:50.648 [INF] RUN_NPM_COMMAND_ON_VOLUME: Run npm exec --no-update-notifier -- eslint --no-warn-ignored --max-warnings 0 src/components/SocialLinks.tsx on volume 9b4235eb-da8e-40b2-8bdc-bc883648ae1c at path /app/fleet-services-agency - Exit code: 0
2026-07-23 11:28:50.663 [INF] Executed DbCommand (0ms) [Parameters=[@__projectId_0='?' (DbType = Int64)], CommandType='"Text"', CommandTimeout='30']
SELECT "w"."Id", "w"."CheckpointsJson", "w"."ProjectId", "w"."UpdatedAtUtc"
FROM "WorkflowCheckpoints" AS "w"
WHERE "w"."ProjectId" = @__projectId_0
LIMIT 1
2026-07-23 11:28:50.664 [INF] Executed DbCommand (0ms) [Parameters=[@p2='?' (DbType = Int64), @p0='?' (Size = 7614), @p1='?' (DbType = DateTime)], CommandType='"Text"', CommandTimeout='30']
UPDATE "WorkflowCheckpoints" SET "CheckpointsJson" = @p0, "UpdatedAtUtc" = @p1
WHERE "Id" = @p2
RETURNING 1;
2026-07-23 09:28:50.665 [INF] component_done:SocialLinks
2026-07-23 11:28:51.905 [INF] RUN_NPM_COMMAND_ON_VOLUME: Run npm exec --no-update-notifier -- eslint --no-warn-ignored --max-warnings 0 src/components/FooterNav.tsx on volume 9b4235eb-da8e-40b2-8bdc-bc883648ae1c at path /app/fleet-services-agency - Exit code: 0
2026-07-23 11:28:51.917 [INF] Executed DbCommand (0ms) [Parameters=[@__projectId_0='?' (DbType = Int64)], CommandType='"Text"', CommandTimeout='30']
SELECT "w"."Id", "w"."CheckpointsJson", "w"."ProjectId", "w"."UpdatedAtUtc"
FROM "WorkflowCheckpoints" AS "w"
WHERE "w"."ProjectId" = @__projectId_0
LIMIT 1
2026-07-23 11:28:51.918 [INF] Executed DbCommand (0ms) [Parameters=[@p2='?' (DbType = Int64), @p0='?' (Size = 7640), @p1='?' (DbType = DateTime)], CommandType='"Text"', CommandTimeout='30']
UPDATE "WorkflowCheckpoints" SET "CheckpointsJson" = @p0, "UpdatedAtUtc" = @p1
WHERE "Id" = @p2
RETURNING 1;
2026-07-23 09:28:51.919 [INF] component_done:FooterNav
2026-07-23 11:28:52.017 [INF] RUN_NPM_COMMAND_ON_VOLUME: Run npm exec --no-update-notifier -- eslint --no-warn-ignored --max-warnings 0 src/components/MobileMenuToggle.tsx on volume 9b4235eb-da8e-40b2-8bdc-bc883648ae1c at path /app/fleet-services-agency - Exit code: 0
2026-07-23 11:28:52.030 [INF] Executed DbCommand (0ms) [Parameters=[@__projectId_0='?' (DbType = Int64)], CommandType='"Text"', CommandTimeout='30']
SELECT "w"."Id", "w"."CheckpointsJson", "w"."ProjectId", "w"."UpdatedAtUtc"
FROM "WorkflowCheckpoints" AS "w"
WHERE "w"."ProjectId" = @__projectId_0
LIMIT 1
2026-07-23 11:28:52.031 [INF] Executed DbCommand (0ms) [Parameters=[@p2='?' (DbType = Int64), @p0='?' (Size = 7666), @p1='?' (DbType = DateTime)], CommandType='"Text"', CommandTimeout='30']
UPDATE "WorkflowCheckpoints" SET "CheckpointsJson" = @p0, "UpdatedAtUtc" = @p1
WHERE "Id" = @p2
RETURNING 1;
2026-07-23 09:28:52.032 [INF] component_done:MobileMenuToggle
2026-07-23 09:28:52.036 [INF] TSX: level 1 components done (11/11)
2026-07-23 11:28:56.684 [INF] WRITE_FILE_TO_VOLUME: Wrote file 'fleet-services-agency/src/components/BenefitsSection.tsx' to volume '9b4235eb-da8e-40b2-8bdc-bc883648ae1c'
2026-07-23 11:28:57.059 [INF] WRITE_FILE_TO_VOLUME: Wrote file 'fleet-services-agency/src/components/MapSection.tsx' to volume '9b4235eb-da8e-40b2-8bdc-bc883648ae1c'
2026-07-23 11:28:57.388 [INF] WRITE_FILE_TO_VOLUME: Wrote file 'fleet-services-agency/src/components/StatsSection.tsx' to volume '9b4235eb-da8e-40b2-8bdc-bc883648ae1c'
2026-07-23 11:28:58.019 [INF] WRITE_FILE_TO_VOLUME: Wrote file 'fleet-services-agency/src/components/AboutImageSection.tsx' to volume '9b4235eb-da8e-40b2-8bdc-bc883648ae1c'
2026-07-23 11:28:58.986 [INF] WRITE_FILE_TO_VOLUME: Wrote file 'fleet-services-agency/src/components/TimelineSection.tsx' to volume '9b4235eb-da8e-40b2-8bdc-bc883648ae1c'
2026-07-23 11:28:59.326 [INF] WRITE_FILE_TO_VOLUME: Wrote file 'fleet-services-agency/src/components/ProcessSection.tsx' to volume '9b4235eb-da8e-40b2-8bdc-bc883648ae1c'
2026-07-23 11:29:03.336 [INF] WRITE_FILE_TO_VOLUME: Wrote file 'fleet-services-agency/src/components/HeroSplitSection.tsx' to volume '9b4235eb-da8e-40b2-8bdc-bc883648ae1c'
2026-07-23 11:29:07.067 [INF] WRITE_FILE_TO_VOLUME: Wrote file 'fleet-services-agency/src/components/ContactSplitSection.tsx' to volume '9b4235eb-da8e-40b2-8bdc-bc883648ae1c'
2026-07-23 11:29:11.001 [INF] RUN_NPM_COMMAND_ON_VOLUME: Run npm exec --no-update-notifier -- eslint --fix --no-warn-ignored src/components/BenefitsSection.tsx on volume 9b4235eb-da8e-40b2-8bdc-bc883648ae1c at path /app/fleet-services-agency - Exit code: 0
2026-07-23 11:29:11.724 [INF] RUN_NPM_COMMAND_ON_VOLUME: Run npm exec --no-update-notifier -- eslint --fix --no-warn-ignored src/components/StatsSection.tsx on volume 9b4235eb-da8e-40b2-8bdc-bc883648ae1c at path /app/fleet-services-agency - Exit code: 0
2026-07-23 11:29:11.860 [INF] RUN_NPM_COMMAND_ON_VOLUME: Run npm exec --no-update-notifier -- eslint --fix --no-warn-ignored src/components/MapSection.tsx on volume 9b4235eb-da8e-40b2-8bdc-bc883648ae1c at path /app/fleet-services-agency - Exit code: 0
2026-07-23 11:29:13.095 [INF] RUN_NPM_COMMAND_ON_VOLUME: Run npm exec --no-update-notifier -- eslint --fix --no-warn-ignored src/components/AboutImageSection.tsx on volume 9b4235eb-da8e-40b2-8bdc-bc883648ae1c at path /app/fleet-services-agency - Exit code: 0
2026-07-23 11:29:14.688 [INF] RUN_NPM_COMMAND_ON_VOLUME: Run npm exec --no-update-notifier -- eslint --fix --no-warn-ignored src/components/TimelineSection.tsx on volume 9b4235eb-da8e-40b2-8bdc-bc883648ae1c at path /app/fleet-services-agency - Exit code: 0
2026-07-23 11:29:15.074 [INF] RUN_NPM_COMMAND_ON_VOLUME: Run npm exec --no-update-notifier -- eslint --fix --no-warn-ignored src/components/ProcessSection.tsx on volume 9b4235eb-da8e-40b2-8bdc-bc883648ae1c at path /app/fleet-services-agency - Exit code: 0
2026-07-23 11:29:15.190 [INF] RUN_NPM_COMMAND_ON_VOLUME: Run npm exec --no-update-notifier -- eslint --no-warn-ignored --max-warnings 0 src/components/BenefitsSection.tsx on volume 9b4235eb-da8e-40b2-8bdc-bc883648ae1c at path /app/fleet-services-agency - Exit code: 0
2026-07-23 11:29:15.207 [INF] Executed DbCommand (0ms) [Parameters=[@__projectId_0='?' (DbType = Int64)], CommandType='"Text"', CommandTimeout='30']
SELECT "w"."Id", "w"."CheckpointsJson", "w"."ProjectId", "w"."UpdatedAtUtc"
FROM "WorkflowCheckpoints" AS "w"
WHERE "w"."ProjectId" = @__projectId_0
LIMIT 1
2026-07-23 11:29:15.207 [INF] Executed DbCommand (0ms) [Parameters=[@p2='?' (DbType = Int64), @p0='?' (Size = 7692), @p1='?' (DbType = DateTime)], CommandType='"Text"', CommandTimeout='30']
UPDATE "WorkflowCheckpoints" SET "CheckpointsJson" = @p0, "UpdatedAtUtc" = @p1
WHERE "Id" = @p2
RETURNING 1;
2026-07-23 09:29:15.208 [INF] component_done:BenefitsSection
2026-07-23 11:29:16.373 [INF] RUN_NPM_COMMAND_ON_VOLUME: Run npm exec --no-update-notifier -- eslint --no-warn-ignored --max-warnings 0 src/components/StatsSection.tsx on volume 9b4235eb-da8e-40b2-8bdc-bc883648ae1c at path /app/fleet-services-agency - Exit code: 0
2026-07-23 11:29:16.388 [INF] Executed DbCommand (0ms) [Parameters=[@__projectId_0='?' (DbType = Int64)], CommandType='"Text"', CommandTimeout='30']
SELECT "w"."Id", "w"."CheckpointsJson", "w"."ProjectId", "w"."UpdatedAtUtc"
FROM "WorkflowCheckpoints" AS "w"
WHERE "w"."ProjectId" = @__projectId_0
LIMIT 1
2026-07-23 11:29:16.389 [INF] Executed DbCommand (0ms) [Parameters=[@p2='?' (DbType = Int64), @p0='?' (Size = 7718), @p1='?' (DbType = DateTime)], CommandType='"Text"', CommandTimeout='30']
UPDATE "WorkflowCheckpoints" SET "CheckpointsJson" = @p0, "UpdatedAtUtc" = @p1
WHERE "Id" = @p2
RETURNING 1;
2026-07-23 09:29:16.390 [INF] component_done:StatsSection
2026-07-23 11:29:16.468 [INF] RUN_NPM_COMMAND_ON_VOLUME: Run npm exec --no-update-notifier -- eslint --no-warn-ignored --max-warnings 0 src/components/MapSection.tsx on volume 9b4235eb-da8e-40b2-8bdc-bc883648ae1c at path /app/fleet-services-agency - Exit code: 0
2026-07-23 11:29:16.483 [INF] Executed DbCommand (0ms) [Parameters=[@__projectId_0='?' (DbType = Int64)], CommandType='"Text"', CommandTimeout='30']
SELECT "w"."Id", "w"."CheckpointsJson", "w"."ProjectId", "w"."UpdatedAtUtc"
FROM "WorkflowCheckpoints" AS "w"
WHERE "w"."ProjectId" = @__projectId_0
LIMIT 1
2026-07-23 11:29:16.484 [INF] Executed DbCommand (0ms) [Parameters=[@p2='?' (DbType = Int64), @p0='?' (Size = 7744), @p1='?' (DbType = DateTime)], CommandType='"Text"', CommandTimeout='30']
UPDATE "WorkflowCheckpoints" SET "CheckpointsJson" = @p0, "UpdatedAtUtc" = @p1
WHERE "Id" = @p2
RETURNING 1;
2026-07-23 09:29:16.485 [INF] component_done:MapSection
2026-07-23 11:29:16.635 [INF] RUN_NPM_COMMAND_ON_VOLUME: Run npm exec --no-update-notifier -- eslint --no-warn-ignored --max-warnings 0 src/components/AboutImageSection.tsx on volume 9b4235eb-da8e-40b2-8bdc-bc883648ae1c at path /app/fleet-services-agency - Exit code: 0
2026-07-23 11:29:16.647 [INF] Executed DbCommand (0ms) [Parameters=[@__projectId_0='?' (DbType = Int64)], CommandType='"Text"', CommandTimeout='30']
SELECT "w"."Id", "w"."CheckpointsJson", "w"."ProjectId", "w"."UpdatedAtUtc"
FROM "WorkflowCheckpoints" AS "w"
WHERE "w"."ProjectId" = @__projectId_0
LIMIT 1
2026-07-23 11:29:16.647 [INF] Executed DbCommand (0ms) [Parameters=[@p2='?' (DbType = Int64), @p0='?' (Size = 7770), @p1='?' (DbType = DateTime)], CommandType='"Text"', CommandTimeout='30']
UPDATE "WorkflowCheckpoints" SET "CheckpointsJson" = @p0, "UpdatedAtUtc" = @p1
WHERE "Id" = @p2
RETURNING 1;
2026-07-23 09:29:16.649 [INF] component_done:AboutImageSection
2026-07-23 11:29:18.544 [INF] RUN_NPM_COMMAND_ON_VOLUME: Run npm exec --no-update-notifier -- eslint --fix --no-warn-ignored src/components/HeroSplitSection.tsx on volume 9b4235eb-da8e-40b2-8bdc-bc883648ae1c at path /app/fleet-services-agency - Exit code: 0
2026-07-23 11:29:19.567 [INF] RUN_NPM_COMMAND_ON_VOLUME: Run npm exec --no-update-notifier -- eslint --no-warn-ignored --max-warnings 0 src/components/ProcessSection.tsx on volume 9b4235eb-da8e-40b2-8bdc-bc883648ae1c at path /app/fleet-services-agency - Exit code: 0
2026-07-23 11:29:19.582 [INF] Executed DbCommand (0ms) [Parameters=[@__projectId_0='?' (DbType = Int64)], CommandType='"Text"', CommandTimeout='30']
SELECT "w"."Id", "w"."CheckpointsJson", "w"."ProjectId", "w"."UpdatedAtUtc"
FROM "WorkflowCheckpoints" AS "w"
WHERE "w"."ProjectId" = @__projectId_0
LIMIT 1
2026-07-23 11:29:19.583 [INF] Executed DbCommand (0ms) [Parameters=[@p2='?' (DbType = Int64), @p0='?' (Size = 7796), @p1='?' (DbType = DateTime)], CommandType='"Text"', CommandTimeout='30']
UPDATE "WorkflowCheckpoints" SET "CheckpointsJson" = @p0, "UpdatedAtUtc" = @p1
WHERE "Id" = @p2
RETURNING 1;
2026-07-23 09:29:19.584 [INF] component_done:ProcessSection
2026-07-23 11:29:19.768 [INF] RUN_NPM_COMMAND_ON_VOLUME: Run npm exec --no-update-notifier -- eslint --no-warn-ignored --max-warnings 0 src/components/TimelineSection.tsx on volume 9b4235eb-da8e-40b2-8bdc-bc883648ae1c at path /app/fleet-services-agency - Exit code: 0
2026-07-23 11:29:19.785 [INF] Executed DbCommand (0ms) [Parameters=[@__projectId_0='?' (DbType = Int64)], CommandType='"Text"', CommandTimeout='30']
SELECT "w"."Id", "w"."CheckpointsJson", "w"."ProjectId", "w"."UpdatedAtUtc"
FROM "WorkflowCheckpoints" AS "w"
WHERE "w"."ProjectId" = @__projectId_0
LIMIT 1
2026-07-23 11:29:19.785 [INF] Executed DbCommand (0ms) [Parameters=[@p2='?' (DbType = Int64), @p0='?' (Size = 7822), @p1='?' (DbType = DateTime)], CommandType='"Text"', CommandTimeout='30']
UPDATE "WorkflowCheckpoints" SET "CheckpointsJson" = @p0, "UpdatedAtUtc" = @p1
WHERE "Id" = @p2
RETURNING 1;
2026-07-23 09:29:19.786 [INF] component_done:TimelineSection
2026-07-23 11:29:20.776 [INF] RUN_NPM_COMMAND_ON_VOLUME: Run npm exec --no-update-notifier -- eslint --fix --no-warn-ignored src/components/ContactSplitSection.tsx on volume 9b4235eb-da8e-40b2-8bdc-bc883648ae1c at path /app/fleet-services-agency - Exit code: 0
2026-07-23 11:29:21.505 [INF] RUN_NPM_COMMAND_ON_VOLUME: Run npm exec --no-update-notifier -- eslint --no-warn-ignored --max-warnings 0 src/components/HeroSplitSection.tsx on volume 9b4235eb-da8e-40b2-8bdc-bc883648ae1c at path /app/fleet-services-agency - Exit code: 0
2026-07-23 11:29:21.518 [INF] Executed DbCommand (0ms) [Parameters=[@__projectId_0='?' (DbType = Int64)], CommandType='"Text"', CommandTimeout='30']
SELECT "w"."Id", "w"."CheckpointsJson", "w"."ProjectId", "w"."UpdatedAtUtc"
FROM "WorkflowCheckpoints" AS "w"
WHERE "w"."ProjectId" = @__projectId_0
LIMIT 1
2026-07-23 11:29:21.518 [INF] Executed DbCommand (0ms) [Parameters=[@p2='?' (DbType = Int64), @p0='?' (Size = 7848), @p1='?' (DbType = DateTime)], CommandType='"Text"', CommandTimeout='30']
UPDATE "WorkflowCheckpoints" SET "CheckpointsJson" = @p0, "UpdatedAtUtc" = @p1
WHERE "Id" = @p2
RETURNING 1;
2026-07-23 09:29:21.519 [INF] component_done:HeroSplitSection
2026-07-23 11:29:21.730 [INF] WRITE_FILE_TO_VOLUME: Wrote file 'fleet-services-agency/src/components/CtaBannerSection.tsx' to volume '9b4235eb-da8e-40b2-8bdc-bc883648ae1c'
2026-07-23 11:29:22.198 [INF] WRITE_FILE_TO_VOLUME: Wrote file 'fleet-services-agency/src/components/TextProseSection.tsx' to volume '9b4235eb-da8e-40b2-8bdc-bc883648ae1c'
2026-07-23 11:29:23.764 [INF] RUN_NPM_COMMAND_ON_VOLUME: Run npm exec --no-update-notifier -- eslint --no-warn-ignored --max-warnings 0 src/components/ContactSplitSection.tsx on volume 9b4235eb-da8e-40b2-8bdc-bc883648ae1c at path /app/fleet-services-agency - Exit code: 0
2026-07-23 11:29:23.776 [INF] Executed DbCommand (0ms) [Parameters=[@__projectId_0='?' (DbType = Int64)], CommandType='"Text"', CommandTimeout='30']
SELECT "w"."Id", "w"."CheckpointsJson", "w"."ProjectId", "w"."UpdatedAtUtc"
FROM "WorkflowCheckpoints" AS "w"
WHERE "w"."ProjectId" = @__projectId_0
LIMIT 1
2026-07-23 11:29:23.776 [INF] Executed DbCommand (0ms) [Parameters=[@p2='?' (DbType = Int64), @p0='?' (Size = 7874), @p1='?' (DbType = DateTime)], CommandType='"Text"', CommandTimeout='30']
UPDATE "WorkflowCheckpoints" SET "CheckpointsJson" = @p0, "UpdatedAtUtc" = @p1
WHERE "Id" = @p2
RETURNING 1;
2026-07-23 09:29:23.777 [INF] component_done:ContactSplitSection
2026-07-23 11:29:35.006 [INF] RUN_NPM_COMMAND_ON_VOLUME: Run npm exec --no-update-notifier -- eslint --fix --no-warn-ignored src/components/CtaBannerSection.tsx on volume 9b4235eb-da8e-40b2-8bdc-bc883648ae1c at path /app/fleet-services-agency - Exit code: 0
2026-07-23 11:29:35.498 [INF] RUN_NPM_COMMAND_ON_VOLUME: Run npm exec --no-update-notifier -- eslint --fix --no-warn-ignored src/components/TextProseSection.tsx on volume 9b4235eb-da8e-40b2-8bdc-bc883648ae1c at path /app/fleet-services-agency - Exit code: 0
2026-07-23 11:29:37.789 [INF] RUN_NPM_COMMAND_ON_VOLUME: Run npm exec --no-update-notifier -- eslint --no-warn-ignored --max-warnings 0 src/components/CtaBannerSection.tsx on volume 9b4235eb-da8e-40b2-8bdc-bc883648ae1c at path /app/fleet-services-agency - Exit code: 0
2026-07-23 11:29:37.803 [INF] Executed DbCommand (0ms) [Parameters=[@__projectId_0='?' (DbType = Int64)], CommandType='"Text"', CommandTimeout='30']
SELECT "w"."Id", "w"."CheckpointsJson", "w"."ProjectId", "w"."UpdatedAtUtc"
FROM "WorkflowCheckpoints" AS "w"
WHERE "w"."ProjectId" = @__projectId_0
LIMIT 1
2026-07-23 11:29:37.804 [INF] Executed DbCommand (0ms) [Parameters=[@p2='?' (DbType = Int64), @p0='?' (Size = 7900), @p1='?' (DbType = DateTime)], CommandType='"Text"', CommandTimeout='30']
UPDATE "WorkflowCheckpoints" SET "CheckpointsJson" = @p0, "UpdatedAtUtc" = @p1
WHERE "Id" = @p2
RETURNING 1;
2026-07-23 09:29:37.806 [INF] component_done:CtaBannerSection
2026-07-23 11:29:38.304 [INF] RUN_NPM_COMMAND_ON_VOLUME: Run npm exec --no-update-notifier -- eslint --no-warn-ignored --max-warnings 0 src/components/TextProseSection.tsx on volume 9b4235eb-da8e-40b2-8bdc-bc883648ae1c at path /app/fleet-services-agency - Exit code: 0
2026-07-23 11:29:38.317 [INF] Executed DbCommand (0ms) [Parameters=[@__projectId_0='?' (DbType = Int64)], CommandType='"Text"', CommandTimeout='30']
SELECT "w"."Id", "w"."CheckpointsJson", "w"."ProjectId", "w"."UpdatedAtUtc"
FROM "WorkflowCheckpoints" AS "w"
WHERE "w"."ProjectId" = @__projectId_0
LIMIT 1
2026-07-23 11:29:38.318 [INF] Executed DbCommand (0ms) [Parameters=[@p2='?' (DbType = Int64), @p0='?' (Size = 7926), @p1='?' (DbType = DateTime)], CommandType='"Text"', CommandTimeout='30']
UPDATE "WorkflowCheckpoints" SET "CheckpointsJson" = @p0, "UpdatedAtUtc" = @p1
WHERE "Id" = @p2
RETURNING 1;
2026-07-23 09:29:38.319 [INF] component_done:TextProseSection
2026-07-23 09:29:38.319 [INF] TSX: level 2 components done (10/10)
2026-07-23 11:29:43.699 [INF] WRITE_FILE_TO_VOLUME: Wrote file 'fleet-services-agency/src/components/Footer.tsx' to volume '9b4235eb-da8e-40b2-8bdc-bc883648ae1c'
2026-07-23 11:29:49.118 [INF] WRITE_FILE_TO_VOLUME: Wrote file 'fleet-services-agency/src/components/Header.tsx' to volume '9b4235eb-da8e-40b2-8bdc-bc883648ae1c'
2026-07-23 11:29:56.636 [INF] RUN_NPM_COMMAND_ON_VOLUME: Run npm exec --no-update-notifier -- eslint --fix --no-warn-ignored src/components/Footer.tsx on volume 9b4235eb-da8e-40b2-8bdc-bc883648ae1c at path /app/fleet-services-agency - Exit code: 0
2026-07-23 11:29:59.104 [INF] RUN_NPM_COMMAND_ON_VOLUME: Run npm exec --no-update-notifier -- eslint --no-warn-ignored --max-warnings 0 src/components/Footer.tsx on volume 9b4235eb-da8e-40b2-8bdc-bc883648ae1c at path /app/fleet-services-agency - Exit code: 0
2026-07-23 11:29:59.116 [INF] Executed DbCommand (0ms) [Parameters=[@__projectId_0='?' (DbType = Int64)], CommandType='"Text"', CommandTimeout='30']
SELECT "w"."Id", "w"."CheckpointsJson", "w"."ProjectId", "w"."UpdatedAtUtc"
FROM "WorkflowCheckpoints" AS "w"
WHERE "w"."ProjectId" = @__projectId_0
LIMIT 1
2026-07-23 11:29:59.117 [INF] Executed DbCommand (0ms) [Parameters=[@p2='?' (DbType = Int64), @p0='?' (Size = 7952), @p1='?' (DbType = DateTime)], CommandType='"Text"', CommandTimeout='30']
UPDATE "WorkflowCheckpoints" SET "CheckpointsJson" = @p0, "UpdatedAtUtc" = @p1
WHERE "Id" = @p2
RETURNING 1;
2026-07-23 09:29:59.118 [INF] component_done:Footer
2026-07-23 11:30:02.514 [INF] RUN_NPM_COMMAND_ON_VOLUME: Run npm exec --no-update-notifier -- eslint --fix --no-warn-ignored src/components/Header.tsx on volume 9b4235eb-da8e-40b2-8bdc-bc883648ae1c at path /app/fleet-services-agency - Exit code: 0
2026-07-23 11:30:04.976 [INF] RUN_NPM_COMMAND_ON_VOLUME: Run npm exec --no-update-notifier -- eslint --no-warn-ignored --max-warnings 0 src/components/Header.tsx on volume 9b4235eb-da8e-40b2-8bdc-bc883648ae1c at path /app/fleet-services-agency - Exit code: 0
2026-07-23 11:30:04.989 [INF] Executed DbCommand (0ms) [Parameters=[@__projectId_0='?' (DbType = Int64)], CommandType='"Text"', CommandTimeout='30']
SELECT "w"."Id", "w"."CheckpointsJson", "w"."ProjectId", "w"."UpdatedAtUtc"
FROM "WorkflowCheckpoints" AS "w"
WHERE "w"."ProjectId" = @__projectId_0
LIMIT 1
2026-07-23 11:30:04.990 [INF] Executed DbCommand (0ms) [Parameters=[@p2='?' (DbType = Int64), @p0='?' (Size = 7978), @p1='?' (DbType = DateTime)], CommandType='"Text"', CommandTimeout='30']
UPDATE "WorkflowCheckpoints" SET "CheckpointsJson" = @p0, "UpdatedAtUtc" = @p1
WHERE "Id" = @p2
RETURNING 1;
2026-07-23 09:30:04.991 [INF] component_done:Header
2026-07-23 09:30:04.991 [INF] TSX: level 3 components done (2/2)
2026-07-23 11:30:09.446 [INF] WRITE_FILE_TO_VOLUME: Wrote file 'fleet-services-agency/src/layouts/RootLayout.tsx' to volume '9b4235eb-da8e-40b2-8bdc-bc883648ae1c'
2026-07-23 11:30:22.266 [INF] RUN_NPM_COMMAND_ON_VOLUME: Run npm exec --no-update-notifier -- eslint --fix --no-warn-ignored src/layouts/RootLayout.tsx on volume 9b4235eb-da8e-40b2-8bdc-bc883648ae1c at path /app/fleet-services-agency - Exit code: 0
2026-07-23 11:30:24.812 [INF] RUN_NPM_COMMAND_ON_VOLUME: Run npm exec --no-update-notifier -- eslint --no-warn-ignored --max-warnings 0 src/layouts/RootLayout.tsx on volume 9b4235eb-da8e-40b2-8bdc-bc883648ae1c at path /app/fleet-services-agency - Exit code: 0
2026-07-23 11:30:24.824 [INF] Executed DbCommand (0ms) [Parameters=[@__projectId_0='?' (DbType = Int64)], CommandType='"Text"', CommandTimeout='30']
SELECT "w"."Id", "w"."CheckpointsJson", "w"."ProjectId", "w"."UpdatedAtUtc"
FROM "WorkflowCheckpoints" AS "w"
WHERE "w"."ProjectId" = @__projectId_0
LIMIT 1
2026-07-23 11:30:24.824 [INF] Executed DbCommand (0ms) [Parameters=[@p2='?' (DbType = Int64), @p0='?' (Size = 8004), @p1='?' (DbType = DateTime)], CommandType='"Text"', CommandTimeout='30']
UPDATE "WorkflowCheckpoints" SET "CheckpointsJson" = @p0, "UpdatedAtUtc" = @p1
WHERE "Id" = @p2
RETURNING 1;
2026-07-23 09:30:24.826 [INF] component_done:RootLayout
2026-07-23 09:30:24.826 [INF] TSX: layouts done (1/1)
2026-07-23 11:30:24.841 [INF] READ_FILE_FROM_VOLUME: Attempting to read 'fleet-services-agency/.architecture/pages/index.json' from volume '9b4235eb-da8e-40b2-8bdc-bc883648ae1c'
2026-07-23 11:30:24.841 [INF] READ_FILE_FROM_VOLUME: Attempting to read 'fleet-services-agency/.architecture/pages/about.json' from volume '9b4235eb-da8e-40b2-8bdc-bc883648ae1c'
2026-07-23 11:30:24.847 [INF] READ_FILE_FROM_VOLUME: Attempting to read 'fleet-services-agency/.architecture/pages/services.json' from volume '9b4235eb-da8e-40b2-8bdc-bc883648ae1c'
2026-07-23 11:30:24.847 [INF] READ_FILE_FROM_VOLUME: Attempting to read 'fleet-services-agency/.architecture/pages/service-detail.json' from volume '9b4235eb-da8e-40b2-8bdc-bc883648ae1c'
2026-07-23 11:30:24.847 [INF] READ_FILE_FROM_VOLUME: Attempting to read 'fleet-services-agency/.architecture/pages/contact.json' from volume '9b4235eb-da8e-40b2-8bdc-bc883648ae1c'
2026-07-23 11:30:24.848 [INF] READ_FILE_FROM_VOLUME: Attempting to read 'fleet-services-agency/.architecture/pages/privacy.json' from volume '9b4235eb-da8e-40b2-8bdc-bc883648ae1c'
2026-07-23 11:30:24.848 [INF] READ_FILE_FROM_VOLUME: Attempting to read 'fleet-services-agency/.architecture/pages/terms.json' from volume '9b4235eb-da8e-40b2-8bdc-bc883648ae1c'
2026-07-23 11:30:24.848 [INF] READ_FILE_FROM_VOLUME: Attempting to read 'fleet-services-agency/.architecture/pages/404.json' from volume '9b4235eb-da8e-40b2-8bdc-bc883648ae1c'
2026-07-23 11:30:25.467 [INF] READ_FILE_FROM_VOLUME: Successfully read 'fleet-services-agency/.architecture/pages/about.json' (3199 bytes)
2026-07-23 11:30:25.882 [INF] READ_FILE_FROM_VOLUME: Successfully read 'fleet-services-agency/.architecture/pages/services.json' (3555 bytes)
2026-07-23 11:30:26.281 [INF] READ_FILE_FROM_VOLUME: Successfully read 'fleet-services-agency/.architecture/pages/service-detail.json' (3870 bytes)
2026-07-23 11:30:26.300 [INF] READ_FILE_FROM_VOLUME: Successfully read 'fleet-services-agency/.architecture/pages/index.json' (3327 bytes)
2026-07-23 11:30:26.559 [INF] READ_FILE_FROM_VOLUME: Successfully read 'fleet-services-agency/.architecture/pages/404.json' (591 bytes)
2026-07-23 11:30:26.559 [INF] READ_FILE_FROM_VOLUME: Successfully read 'fleet-services-agency/.architecture/pages/terms.json' (1210 bytes)
2026-07-23 11:30:26.723 [INF] READ_FILE_FROM_VOLUME: Successfully read 'fleet-services-agency/.architecture/pages/contact.json' (2590 bytes)
2026-07-23 11:30:26.867 [INF] READ_FILE_FROM_VOLUME: Successfully read 'fleet-services-agency/.architecture/pages/privacy.json' (1246 bytes)
2026-07-23 11:30:35.827 [INF] BATCH_READ_FILES_FROM_VOLUME: Attempting to read 6 files from volume '9b4235eb-da8e-40b2-8bdc-bc883648ae1c'
2026-07-23 11:30:36.326 [INF] BATCH_READ_FILES_FROM_VOLUME: Attempting to read 6 files from volume '9b4235eb-da8e-40b2-8bdc-bc883648ae1c'
2026-07-23 11:30:36.659 [INF] BATCH_READ_FILES_FROM_VOLUME: Read 6/6 files successfully from volume '9b4235eb-da8e-40b2-8bdc-bc883648ae1c'
2026-07-23 11:30:37.214 [INF] BATCH_READ_FILES_FROM_VOLUME: Attempting to read 4 files from volume '9b4235eb-da8e-40b2-8bdc-bc883648ae1c'
2026-07-23 11:30:37.578 [INF] BATCH_READ_FILES_FROM_VOLUME: Attempting to read 1 files from volume '9b4235eb-da8e-40b2-8bdc-bc883648ae1c'
2026-07-23 11:30:37.782 [INF] BATCH_READ_FILES_FROM_VOLUME: Attempting to read 4 files from volume '9b4235eb-da8e-40b2-8bdc-bc883648ae1c'
2026-07-23 11:30:38.001 [INF] BATCH_READ_FILES_FROM_VOLUME: Attempting to read 6 files from volume '9b4235eb-da8e-40b2-8bdc-bc883648ae1c'
2026-07-23 11:30:38.345 [INF] BATCH_READ_FILES_FROM_VOLUME: Attempting to read 1 files from volume '9b4235eb-da8e-40b2-8bdc-bc883648ae1c'
2026-07-23 11:30:39.395 [INF] BATCH_READ_FILES_FROM_VOLUME: Read 6/6 files successfully from volume '9b4235eb-da8e-40b2-8bdc-bc883648ae1c'
2026-07-23 11:30:39.490 [INF] BATCH_READ_FILES_FROM_VOLUME: Read 1/1 files successfully from volume '9b4235eb-da8e-40b2-8bdc-bc883648ae1c'
2026-07-23 11:30:39.523 [INF] BATCH_READ_FILES_FROM_VOLUME: Read 4/4 files successfully from volume '9b4235eb-da8e-40b2-8bdc-bc883648ae1c'
2026-07-23 11:30:39.554 [INF] BATCH_READ_FILES_FROM_VOLUME: Read 4/4 files successfully from volume '9b4235eb-da8e-40b2-8bdc-bc883648ae1c'
2026-07-23 11:30:39.896 [INF] BATCH_READ_FILES_FROM_VOLUME: Read 1/1 files successfully from volume '9b4235eb-da8e-40b2-8bdc-bc883648ae1c'
2026-07-23 11:30:40.004 [INF] BATCH_READ_FILES_FROM_VOLUME: Read 6/6 files successfully from volume '9b4235eb-da8e-40b2-8bdc-bc883648ae1c'
2026-07-23 11:30:50.280 [INF] READ_FILE_FROM_VOLUME: Attempting to read 'fleet-services-agency/src/components/ServicesGridSection.tsx' from volume '9b4235eb-da8e-40b2-8bdc-bc883648ae1c'
2026-07-23 11:30:50.574 [INF] READ_FILE_FROM_VOLUME: Attempting to read 'fleet-services-agency/src/components/ServiceDetailSection.tsx' from volume '9b4235eb-da8e-40b2-8bdc-bc883648ae1c'
2026-07-23 11:31:02.478 [INF] READ_FILE_FROM_VOLUME: Attempting to read 'fleet-services-agency/src/components/RelatedServicesSection.tsx' from volume '9b4235eb-da8e-40b2-8bdc-bc883648ae1c'
2026-07-23 11:31:05.247 [INF] WRITE_FILE_TO_VOLUME: Wrote file 'fleet-services-agency/src/pages/NotFoundPage.tsx' to volume '9b4235eb-da8e-40b2-8bdc-bc883648ae1c'
2026-07-23 11:31:06.219 [INF] WRITE_FILE_TO_VOLUME: Wrote file 'fleet-services-agency/src/pages/AboutPage.tsx' to volume '9b4235eb-da8e-40b2-8bdc-bc883648ae1c'
2026-07-23 11:31:13.867 [INF] WRITE_FILE_TO_VOLUME: Wrote file 'fleet-services-agency/src/pages/PrivacyPage.tsx' to volume '9b4235eb-da8e-40b2-8bdc-bc883648ae1c'
2026-07-23 11:31:14.147 [INF] WRITE_FILE_TO_VOLUME: Wrote file 'fleet-services-agency/src/pages/TermsPage.tsx' to volume '9b4235eb-da8e-40b2-8bdc-bc883648ae1c'
2026-07-23 11:31:18.220 [INF] RUN_NPM_COMMAND_ON_VOLUME: Run npm exec --no-update-notifier -- eslint --fix --no-warn-ignored src/pages/NotFoundPage.tsx on volume 9b4235eb-da8e-40b2-8bdc-bc883648ae1c at path /app/fleet-services-agency - Exit code: 0
2026-07-23 11:31:19.257 [INF] RUN_NPM_COMMAND_ON_VOLUME: Run npm exec --no-update-notifier -- eslint --fix --no-warn-ignored src/pages/AboutPage.tsx on volume 9b4235eb-da8e-40b2-8bdc-bc883648ae1c at path /app/fleet-services-agency - Exit code: 0
2026-07-23 11:31:20.937 [INF] RUN_NPM_COMMAND_ON_VOLUME: Run npm exec --no-update-notifier -- eslint --no-warn-ignored --max-warnings 0 src/pages/NotFoundPage.tsx on volume 9b4235eb-da8e-40b2-8bdc-bc883648ae1c at path /app/fleet-services-agency - Exit code: 0
2026-07-23 11:31:20.953 [INF] Executed DbCommand (0ms) [Parameters=[@__projectId_0='?' (DbType = Int64)], CommandType='"Text"', CommandTimeout='30']
SELECT "w"."Id", "w"."CheckpointsJson", "w"."ProjectId", "w"."UpdatedAtUtc"
FROM "WorkflowCheckpoints" AS "w"
WHERE "w"."ProjectId" = @__projectId_0
LIMIT 1
2026-07-23 11:31:20.954 [INF] Executed DbCommand (0ms) [Parameters=[@p2='?' (DbType = Int64), @p0='?' (Size = 8030), @p1='?' (DbType = DateTime)], CommandType='"Text"', CommandTimeout='30']
UPDATE "WorkflowCheckpoints" SET "CheckpointsJson" = @p0, "UpdatedAtUtc" = @p1
WHERE "Id" = @p2
RETURNING 1;
2026-07-23 09:31:20.955 [INF] component_done:NotFoundPage
2026-07-23 11:31:20.956 [INF] Executed DbCommand (0ms) [Parameters=[@__projectId_0='?' (DbType = Int64)], CommandType='"Text"', CommandTimeout='30']
SELECT "w"."Id", "w"."CheckpointsJson", "w"."ProjectId", "w"."UpdatedAtUtc"
FROM "WorkflowCheckpoints" AS "w"
WHERE "w"."ProjectId" = @__projectId_0
LIMIT 1
2026-07-23 11:31:20.957 [INF] Executed DbCommand (0ms) [Parameters=[@p2='?' (DbType = Int64), @p0='?' (Size = 8030), @p1='?' (DbType = DateTime)], CommandType='"Text"', CommandTimeout='30']
UPDATE "WorkflowCheckpoints" SET "CheckpointsJson" = @p0, "UpdatedAtUtc" = @p1
WHERE "Id" = @p2
RETURNING 1;
2026-07-23 09:31:20.958 [INF] component_done:NotFoundPage
2026-07-23 11:31:22.005 [INF] RUN_NPM_COMMAND_ON_VOLUME: Run npm exec --no-update-notifier -- eslint --no-warn-ignored --max-warnings 0 src/pages/AboutPage.tsx on volume 9b4235eb-da8e-40b2-8bdc-bc883648ae1c at path /app/fleet-services-agency - Exit code: 0
2026-07-23 11:31:22.021 [INF] Executed DbCommand (0ms) [Parameters=[@__projectId_0='?' (DbType = Int64)], CommandType='"Text"', CommandTimeout='30']
SELECT "w"."Id", "w"."CheckpointsJson", "w"."ProjectId", "w"."UpdatedAtUtc"
FROM "WorkflowCheckpoints" AS "w"
WHERE "w"."ProjectId" = @__projectId_0
LIMIT 1
2026-07-23 11:31:22.022 [INF] Executed DbCommand (0ms) [Parameters=[@p2='?' (DbType = Int64), @p0='?' (Size = 8056), @p1='?' (DbType = DateTime)], CommandType='"Text"', CommandTimeout='30']
UPDATE "WorkflowCheckpoints" SET "CheckpointsJson" = @p0, "UpdatedAtUtc" = @p1
WHERE "Id" = @p2
RETURNING 1;
2026-07-23 09:31:22.023 [INF] component_done:AboutPage
2026-07-23 11:31:22.023 [INF] Executed DbCommand (0ms) [Parameters=[@__projectId_0='?' (DbType = Int64)], CommandType='"Text"', CommandTimeout='30']
SELECT "w"."Id", "w"."CheckpointsJson", "w"."ProjectId", "w"."UpdatedAtUtc"
FROM "WorkflowCheckpoints" AS "w"
WHERE "w"."ProjectId" = @__projectId_0
LIMIT 1
2026-07-23 11:31:22.024 [INF] Executed DbCommand (0ms) [Parameters=[@p2='?' (DbType = Int64), @p0='?' (Size = 8056), @p1='?' (DbType = DateTime)], CommandType='"Text"', CommandTimeout='30']
UPDATE "WorkflowCheckpoints" SET "CheckpointsJson" = @p0, "UpdatedAtUtc" = @p1
WHERE "Id" = @p2
RETURNING 1;
2026-07-23 09:31:22.025 [INF] component_done:AboutPage
2026-07-23 11:31:22.605 [INF] WRITE_FILE_TO_VOLUME: Wrote file 'fleet-services-agency/src/pages/HomePage.tsx' to volume '9b4235eb-da8e-40b2-8bdc-bc883648ae1c'
2026-07-23 11:31:25.129 [INF] WRITE_FILE_TO_VOLUME: Wrote file 'fleet-services-agency/src/pages/ContactPage.tsx' to volume '9b4235eb-da8e-40b2-8bdc-bc883648ae1c'
2026-07-23 11:31:27.192 [INF] RUN_NPM_COMMAND_ON_VOLUME: Run npm exec --no-update-notifier -- eslint --fix --no-warn-ignored src/pages/PrivacyPage.tsx on volume 9b4235eb-da8e-40b2-8bdc-bc883648ae1c at path /app/fleet-services-agency - Exit code: 0
2026-07-23 11:31:27.548 [INF] RUN_NPM_COMMAND_ON_VOLUME: Run npm exec --no-update-notifier -- eslint --fix --no-warn-ignored src/pages/TermsPage.tsx on volume 9b4235eb-da8e-40b2-8bdc-bc883648ae1c at path /app/fleet-services-agency - Exit code: 0
2026-07-23 11:31:30.346 [INF] RUN_NPM_COMMAND_ON_VOLUME: Run npm exec --no-update-notifier -- eslint --no-warn-ignored --max-warnings 0 src/pages/PrivacyPage.tsx on volume 9b4235eb-da8e-40b2-8bdc-bc883648ae1c at path /app/fleet-services-agency - Exit code: 0
2026-07-23 11:31:30.360 [INF] Executed DbCommand (0ms) [Parameters=[@__projectId_0='?' (DbType = Int64)], CommandType='"Text"', CommandTimeout='30']
SELECT "w"."Id", "w"."CheckpointsJson", "w"."ProjectId", "w"."UpdatedAtUtc"
FROM "WorkflowCheckpoints" AS "w"
WHERE "w"."ProjectId" = @__projectId_0
LIMIT 1
2026-07-23 11:31:30.360 [INF] Executed DbCommand (0ms) [Parameters=[@p2='?' (DbType = Int64), @p0='?' (Size = 8082), @p1='?' (DbType = DateTime)], CommandType='"Text"', CommandTimeout='30']
UPDATE "WorkflowCheckpoints" SET "CheckpointsJson" = @p0, "UpdatedAtUtc" = @p1
WHERE "Id" = @p2
RETURNING 1;
2026-07-23 09:31:30.361 [INF] component_done:PrivacyPage
2026-07-23 11:31:30.362 [INF] Executed DbCommand (0ms) [Parameters=[@__projectId_0='?' (DbType = Int64)], CommandType='"Text"', CommandTimeout='30']
SELECT "w"."Id", "w"."CheckpointsJson", "w"."ProjectId", "w"."UpdatedAtUtc"
FROM "WorkflowCheckpoints" AS "w"
WHERE "w"."ProjectId" = @__projectId_0
LIMIT 1
2026-07-23 11:31:30.363 [INF] Executed DbCommand (0ms) [Parameters=[@p2='?' (DbType = Int64), @p0='?' (Size = 8082), @p1='?' (DbType = DateTime)], CommandType='"Text"', CommandTimeout='30']
UPDATE "WorkflowCheckpoints" SET "CheckpointsJson" = @p0, "UpdatedAtUtc" = @p1
WHERE "Id" = @p2
RETURNING 1;
2026-07-23 09:31:30.364 [INF] component_done:PrivacyPage
2026-07-23 11:31:30.490 [INF] RUN_NPM_COMMAND_ON_VOLUME: Run npm exec --no-update-notifier -- eslint --no-warn-ignored --max-warnings 0 src/pages/TermsPage.tsx on volume 9b4235eb-da8e-40b2-8bdc-bc883648ae1c at path /app/fleet-services-agency - Exit code: 0
2026-07-23 11:31:30.504 [INF] Executed DbCommand (0ms) [Parameters=[@__projectId_0='?' (DbType = Int64)], CommandType='"Text"', CommandTimeout='30']
SELECT "w"."Id", "w"."CheckpointsJson", "w"."ProjectId", "w"."UpdatedAtUtc"
FROM "WorkflowCheckpoints" AS "w"
WHERE "w"."ProjectId" = @__projectId_0
LIMIT 1
2026-07-23 11:31:30.504 [INF] Executed DbCommand (0ms) [Parameters=[@p2='?' (DbType = Int64), @p0='?' (Size = 8108), @p1='?' (DbType = DateTime)], CommandType='"Text"', CommandTimeout='30']
UPDATE "WorkflowCheckpoints" SET "CheckpointsJson" = @p0, "UpdatedAtUtc" = @p1
WHERE "Id" = @p2
RETURNING 1;
2026-07-23 09:31:30.506 [INF] component_done:TermsPage
2026-07-23 11:31:30.506 [INF] Executed DbCommand (0ms) [Parameters=[@__projectId_0='?' (DbType = Int64)], CommandType='"Text"', CommandTimeout='30']
SELECT "w"."Id", "w"."CheckpointsJson", "w"."ProjectId", "w"."UpdatedAtUtc"
FROM "WorkflowCheckpoints" AS "w"
WHERE "w"."ProjectId" = @__projectId_0
LIMIT 1
2026-07-23 11:31:30.507 [INF] Executed DbCommand (0ms) [Parameters=[@p2='?' (DbType = Int64), @p0='?' (Size = 8108), @p1='?' (DbType = DateTime)], CommandType='"Text"', CommandTimeout='30']
UPDATE "WorkflowCheckpoints" SET "CheckpointsJson" = @p0, "UpdatedAtUtc" = @p1
WHERE "Id" = @p2
RETURNING 1;
2026-07-23 09:31:30.508 [INF] component_done:TermsPage
2026-07-23 11:31:33.910 [INF] WRITE_FILE_TO_VOLUME: Wrote file 'fleet-services-agency/src/pages/ServicesPage.tsx' to volume '9b4235eb-da8e-40b2-8bdc-bc883648ae1c'
2026-07-23 11:31:35.756 [INF] RUN_NPM_COMMAND_ON_VOLUME: Run npm exec --no-update-notifier -- eslint --fix --no-warn-ignored src/pages/HomePage.tsx on volume 9b4235eb-da8e-40b2-8bdc-bc883648ae1c at path /app/fleet-services-agency - Exit code: 0
2026-07-23 11:31:38.855 [INF] RUN_NPM_COMMAND_ON_VOLUME: Run npm exec --no-update-notifier -- eslint --fix --no-warn-ignored src/pages/ContactPage.tsx on volume 9b4235eb-da8e-40b2-8bdc-bc883648ae1c at path /app/fleet-services-agency - Exit code: 0
2026-07-23 11:31:39.043 [INF] RUN_NPM_COMMAND_ON_VOLUME: Run npm exec --no-update-notifier -- eslint --no-warn-ignored --max-warnings 0 src/pages/HomePage.tsx on volume 9b4235eb-da8e-40b2-8bdc-bc883648ae1c at path /app/fleet-services-agency - Exit code: 0
2026-07-23 11:31:39.058 [INF] Executed DbCommand (0ms) [Parameters=[@__projectId_0='?' (DbType = Int64)], CommandType='"Text"', CommandTimeout='30']
SELECT "w"."Id", "w"."CheckpointsJson", "w"."ProjectId", "w"."UpdatedAtUtc"
FROM "WorkflowCheckpoints" AS "w"
WHERE "w"."ProjectId" = @__projectId_0
LIMIT 1
2026-07-23 11:31:39.058 [INF] Executed DbCommand (0ms) [Parameters=[@p2='?' (DbType = Int64), @p0='?' (Size = 8134), @p1='?' (DbType = DateTime)], CommandType='"Text"', CommandTimeout='30']
UPDATE "WorkflowCheckpoints" SET "CheckpointsJson" = @p0, "UpdatedAtUtc" = @p1
WHERE "Id" = @p2
RETURNING 1;
2026-07-23 09:31:39.060 [INF] component_done:HomePage
2026-07-23 11:31:39.060 [INF] Executed DbCommand (0ms) [Parameters=[@__projectId_0='?' (DbType = Int64)], CommandType='"Text"', CommandTimeout='30']
SELECT "w"."Id", "w"."CheckpointsJson", "w"."ProjectId", "w"."UpdatedAtUtc"
FROM "WorkflowCheckpoints" AS "w"
WHERE "w"."ProjectId" = @__projectId_0
LIMIT 1
2026-07-23 11:31:39.061 [INF] Executed DbCommand (0ms) [Parameters=[@p2='?' (DbType = Int64), @p0='?' (Size = 8134), @p1='?' (DbType = DateTime)], CommandType='"Text"', CommandTimeout='30']
UPDATE "WorkflowCheckpoints" SET "CheckpointsJson" = @p0, "UpdatedAtUtc" = @p1
WHERE "Id" = @p2
RETURNING 1;
2026-07-23 09:31:39.062 [INF] component_done:HomePage
2026-07-23 11:31:41.651 [INF] RUN_NPM_COMMAND_ON_VOLUME: Run npm exec --no-update-notifier -- eslint --no-warn-ignored --max-warnings 0 src/pages/ContactPage.tsx on volume 9b4235eb-da8e-40b2-8bdc-bc883648ae1c at path /app/fleet-services-agency - Exit code: 0
2026-07-23 11:31:41.666 [INF] Executed DbCommand (0ms) [Parameters=[@__projectId_0='?' (DbType = Int64)], CommandType='"Text"', CommandTimeout='30']
SELECT "w"."Id", "w"."CheckpointsJson", "w"."ProjectId", "w"."UpdatedAtUtc"
FROM "WorkflowCheckpoints" AS "w"
WHERE "w"."ProjectId" = @__projectId_0
LIMIT 1
2026-07-23 11:31:41.666 [INF] Executed DbCommand (0ms) [Parameters=[@p2='?' (DbType = Int64), @p0='?' (Size = 8158), @p1='?' (DbType = DateTime)], CommandType='"Text"', CommandTimeout='30']
UPDATE "WorkflowCheckpoints" SET "CheckpointsJson" = @p0, "UpdatedAtUtc" = @p1
WHERE "Id" = @p2
RETURNING 1;
2026-07-23 09:31:41.667 [INF] component_done:ContactPage
2026-07-23 11:31:41.668 [INF] Executed DbCommand (0ms) [Parameters=[@__projectId_0='?' (DbType = Int64)], CommandType='"Text"', CommandTimeout='30']
SELECT "w"."Id", "w"."CheckpointsJson", "w"."ProjectId", "w"."UpdatedAtUtc"
FROM "WorkflowCheckpoints" AS "w"
WHERE "w"."ProjectId" = @__projectId_0
LIMIT 1
2026-07-23 11:31:41.668 [INF] Executed DbCommand (0ms) [Parameters=[@p2='?' (DbType = Int64), @p0='?' (Size = 8160), @p1='?' (DbType = DateTime)], CommandType='"Text"', CommandTimeout='30']
UPDATE "WorkflowCheckpoints" SET "CheckpointsJson" = @p0, "UpdatedAtUtc" = @p1
WHERE "Id" = @p2
RETURNING 1;
2026-07-23 09:31:41.669 [INF] component_done:ContactPage
2026-07-23 11:31:47.153 [INF] RUN_NPM_COMMAND_ON_VOLUME: Run npm exec --no-update-notifier -- eslint --fix --no-warn-ignored src/pages/ServicesPage.tsx on volume 9b4235eb-da8e-40b2-8bdc-bc883648ae1c at path /app/fleet-services-agency - Exit code: 0
2026-07-23 11:31:50.105 [INF] RUN_NPM_COMMAND_ON_VOLUME: Run npm exec --no-update-notifier -- eslint --no-warn-ignored --max-warnings 0 src/pages/ServicesPage.tsx on volume 9b4235eb-da8e-40b2-8bdc-bc883648ae1c at path /app/fleet-services-agency - Exit code: 0
2026-07-23 11:31:50.117 [INF] Executed DbCommand (0ms) [Parameters=[@__projectId_0='?' (DbType = Int64)], CommandType='"Text"', CommandTimeout='30']
SELECT "w"."Id", "w"."CheckpointsJson", "w"."ProjectId", "w"."UpdatedAtUtc"
FROM "WorkflowCheckpoints" AS "w"
WHERE "w"."ProjectId" = @__projectId_0
LIMIT 1
2026-07-23 11:31:50.118 [INF] Executed DbCommand (0ms) [Parameters=[@p2='?' (DbType = Int64), @p0='?' (Size = 8186), @p1='?' (DbType = DateTime)], CommandType='"Text"', CommandTimeout='30']
UPDATE "WorkflowCheckpoints" SET "CheckpointsJson" = @p0, "UpdatedAtUtc" = @p1
WHERE "Id" = @p2
RETURNING 1;
2026-07-23 09:31:50.119 [INF] component_done:ServicesPage
2026-07-23 11:31:50.657 [INF] WRITE_FILE_TO_VOLUME: Wrote file 'fleet-services-agency/src/components/ServicesGridSection.tsx' to volume '9b4235eb-da8e-40b2-8bdc-bc883648ae1c'
2026-07-23 11:32:03.094 [INF] RUN_NPM_COMMAND_ON_VOLUME: Run npm exec --no-update-notifier -- eslint --fix --no-warn-ignored src/components/ServicesGridSection.tsx on volume 9b4235eb-da8e-40b2-8bdc-bc883648ae1c at path /app/fleet-services-agency - Exit code: 0
2026-07-23 11:32:05.108 [INF] RUN_NPM_COMMAND_ON_VOLUME: Run npm exec --no-update-notifier -- eslint --no-warn-ignored --max-warnings 0 src/components/ServicesGridSection.tsx on volume 9b4235eb-da8e-40b2-8bdc-bc883648ae1c at path /app/fleet-services-agency - Exit code: 0
2026-07-23 11:32:05.119 [INF] Executed DbCommand (0ms) [Parameters=[@__projectId_0='?' (DbType = Int64)], CommandType='"Text"', CommandTimeout='30']
SELECT "w"."Id", "w"."CheckpointsJson", "w"."ProjectId", "w"."UpdatedAtUtc"
FROM "WorkflowCheckpoints" AS "w"
WHERE "w"."ProjectId" = @__projectId_0
LIMIT 1
2026-07-23 11:32:05.119 [INF] Executed DbCommand (0ms) [Parameters=[@p2='?' (DbType = Int64), @p0='?' (Size = 8212), @p1='?' (DbType = DateTime)], CommandType='"Text"', CommandTimeout='30']
UPDATE "WorkflowCheckpoints" SET "CheckpointsJson" = @p0, "UpdatedAtUtc" = @p1
WHERE "Id" = @p2
RETURNING 1;
2026-07-23 09:32:05.121 [INF] component_done:ServicesGridSection
2026-07-23 11:32:05.121 [INF] Executed DbCommand (0ms) [Parameters=[@__projectId_0='?' (DbType = Int64)], CommandType='"Text"', CommandTimeout='30']
SELECT "w"."Id", "w"."CheckpointsJson", "w"."ProjectId", "w"."UpdatedAtUtc"
FROM "WorkflowCheckpoints" AS "w"
WHERE "w"."ProjectId" = @__projectId_0
LIMIT 1
2026-07-23 11:32:05.122 [INF] Executed DbCommand (0ms) [Parameters=[@p2='?' (DbType = Int64), @p0='?' (Size = 8212), @p1='?' (DbType = DateTime)], CommandType='"Text"', CommandTimeout='30']
UPDATE "WorkflowCheckpoints" SET "CheckpointsJson" = @p0, "UpdatedAtUtc" = @p1
WHERE "Id" = @p2
RETURNING 1;
2026-07-23 11:32:40.024 [INF] WRITE_FILE_TO_VOLUME: Wrote file 'fleet-services-agency/src/pages/ServiceDetailPage.tsx' to volume '9b4235eb-da8e-40b2-8bdc-bc883648ae1c'
2026-07-23 11:32:52.603 [INF] RUN_NPM_COMMAND_ON_VOLUME: Run npm exec --no-update-notifier -- eslint --fix --no-warn-ignored src/pages/ServiceDetailPage.tsx on volume 9b4235eb-da8e-40b2-8bdc-bc883648ae1c at path /app/fleet-services-agency - Exit code: 0
2026-07-23 11:32:54.999 [INF] RUN_NPM_COMMAND_ON_VOLUME: Run npm exec --no-update-notifier -- eslint --no-warn-ignored --max-warnings 0 src/pages/ServiceDetailPage.tsx on volume 9b4235eb-da8e-40b2-8bdc-bc883648ae1c at path /app/fleet-services-agency - Exit code: 0
2026-07-23 11:32:55.011 [INF] Executed DbCommand (0ms) [Parameters=[@__projectId_0='?' (DbType = Int64)], CommandType='"Text"', CommandTimeout='30']
SELECT "w"."Id", "w"."CheckpointsJson", "w"."ProjectId", "w"."UpdatedAtUtc"
FROM "WorkflowCheckpoints" AS "w"
WHERE "w"."ProjectId" = @__projectId_0
LIMIT 1
2026-07-23 11:32:55.011 [INF] Executed DbCommand (0ms) [Parameters=[@p2='?' (DbType = Int64), @p0='?' (Size = 8237), @p1='?' (DbType = DateTime)], CommandType='"Text"', CommandTimeout='30']
UPDATE "WorkflowCheckpoints" SET "CheckpointsJson" = @p0, "UpdatedAtUtc" = @p1
WHERE "Id" = @p2
RETURNING 1;
2026-07-23 09:32:55.012 [INF] component_done:ServiceDetailPage
2026-07-23 11:32:55.534 [INF] WRITE_FILE_TO_VOLUME: Wrote file 'fleet-services-agency/src/components/ServiceDetailSection.tsx' to volume '9b4235eb-da8e-40b2-8bdc-bc883648ae1c'
2026-07-23 11:33:07.998 [INF] RUN_NPM_COMMAND_ON_VOLUME: Run npm exec --no-update-notifier -- eslint --fix --no-warn-ignored src/components/ServiceDetailSection.tsx on volume 9b4235eb-da8e-40b2-8bdc-bc883648ae1c at path /app/fleet-services-agency - Exit code: 0
2026-07-23 11:33:10.152 [INF] RUN_NPM_COMMAND_ON_VOLUME: Run npm exec --no-update-notifier -- eslint --no-warn-ignored --max-warnings 0 src/components/ServiceDetailSection.tsx on volume 9b4235eb-da8e-40b2-8bdc-bc883648ae1c at path /app/fleet-services-agency - Exit code: 0
2026-07-23 11:33:10.164 [INF] Executed DbCommand (0ms) [Parameters=[@__projectId_0='?' (DbType = Int64)], CommandType='"Text"', CommandTimeout='30']
SELECT "w"."Id", "w"."CheckpointsJson", "w"."ProjectId", "w"."UpdatedAtUtc"
FROM "WorkflowCheckpoints" AS "w"
WHERE "w"."ProjectId" = @__projectId_0
LIMIT 1
2026-07-23 11:33:10.164 [INF] Executed DbCommand (0ms) [Parameters=[@p2='?' (DbType = Int64), @p0='?' (Size = 8262), @p1='?' (DbType = DateTime)], CommandType='"Text"', CommandTimeout='30']
UPDATE "WorkflowCheckpoints" SET "CheckpointsJson" = @p0, "UpdatedAtUtc" = @p1
WHERE "Id" = @p2
RETURNING 1;
2026-07-23 09:33:10.165 [INF] component_done:ServiceDetailSection
2026-07-23 11:33:10.654 [INF] WRITE_FILE_TO_VOLUME: Wrote file 'fleet-services-agency/src/components/RelatedServicesSection.tsx' to volume '9b4235eb-da8e-40b2-8bdc-bc883648ae1c'
2026-07-23 11:33:23.103 [INF] RUN_NPM_COMMAND_ON_VOLUME: Run npm exec --no-update-notifier -- eslint --fix --no-warn-ignored src/components/RelatedServicesSection.tsx on volume 9b4235eb-da8e-40b2-8bdc-bc883648ae1c at path /app/fleet-services-agency - Exit code: 0
2026-07-23 11:33:25.224 [INF] RUN_NPM_COMMAND_ON_VOLUME: Run npm exec --no-update-notifier -- eslint --no-warn-ignored --max-warnings 0 src/components/RelatedServicesSection.tsx on volume 9b4235eb-da8e-40b2-8bdc-bc883648ae1c at path /app/fleet-services-agency - Exit code: 0
2026-07-23 11:33:25.235 [INF] Executed DbCommand (0ms) [Parameters=[@__projectId_0='?' (DbType = Int64)], CommandType='"Text"', CommandTimeout='30']
SELECT "w"."Id", "w"."CheckpointsJson", "w"."ProjectId", "w"."UpdatedAtUtc"
FROM "WorkflowCheckpoints" AS "w"
WHERE "w"."ProjectId" = @__projectId_0
LIMIT 1
2026-07-23 11:33:25.235 [INF] Executed DbCommand (0ms) [Parameters=[@p2='?' (DbType = Int64), @p0='?' (Size = 8288), @p1='?' (DbType = DateTime)], CommandType='"Text"', CommandTimeout='30']
UPDATE "WorkflowCheckpoints" SET "CheckpointsJson" = @p0, "UpdatedAtUtc" = @p1
WHERE "Id" = @p2
RETURNING 1;
2026-07-23 09:33:25.236 [INF] component_done:RelatedServicesSection
2026-07-23 11:33:25.236 [INF] Executed DbCommand (0ms) [Parameters=[@__projectId_0='?' (DbType = Int64)], CommandType='"Text"', CommandTimeout='30']
SELECT "w"."Id", "w"."CheckpointsJson", "w"."ProjectId", "w"."UpdatedAtUtc"
FROM "WorkflowCheckpoints" AS "w"
WHERE "w"."ProjectId" = @__projectId_0
LIMIT 1
2026-07-23 11:33:25.237 [INF] Executed DbCommand (0ms) [Parameters=[@p2='?' (DbType = Int64), @p0='?' (Size = 8290), @p1='?' (DbType = DateTime)], CommandType='"Text"', CommandTimeout='30']
UPDATE "WorkflowCheckpoints" SET "CheckpointsJson" = @p0, "UpdatedAtUtc" = @p1
WHERE "Id" = @p2
RETURNING 1;
2026-07-23 09:33:25.238 [INF] TSX: pages done (8/8)
2026-07-23 11:33:25.720 [INF] WRITE_FILE_TO_VOLUME: Wrote file 'fleet-services-agency/src/App.tsx' to volume '9b4235eb-da8e-40b2-8bdc-bc883648ae1c'
2026-07-23 09:33:36.084 [INF] TSX: App.tsx written
2026-07-23 11:33:36.573 [INF] WRITE_FILE_TO_VOLUME: Wrote file 'fleet-services-agency/public/sitemap.xml' to volume '9b4235eb-da8e-40b2-8bdc-bc883648ae1c'
2026-07-23 11:33:47.473 [INF] WRITE_FILE_TO_VOLUME: Wrote file 'fleet-services-agency/public/robots.txt' to volume '9b4235eb-da8e-40b2-8bdc-bc883648ae1c'
2026-07-23 09:33:57.815 [INF] TSX: sitemap.xml and robots.txt written
2026-07-23 11:33:57.816 [INF] READ_FILE_FROM_VOLUME: Attempting to read 'fleet-services-agency/index.html' from volume '9b4235eb-da8e-40b2-8bdc-bc883648ae1c'
2026-07-23 11:33:58.257 [INF] READ_FILE_FROM_VOLUME: Successfully read 'fleet-services-agency/index.html' (358 bytes)
2026-07-23 11:34:09.212 [INF] WRITE_FILE_TO_VOLUME: Wrote file 'fleet-services-agency/index.html' to volume '9b4235eb-da8e-40b2-8bdc-bc883648ae1c'
2026-07-23 09:34:19.544 [INF] TSX: index.html title updated
2026-07-23 09:34:19.546 [INF] step_done:TsxAgent
2026-07-23 11:34:19.550 [INF] Executed DbCommand (0ms) [Parameters=[@__projectId_0='?' (DbType = Int64)], CommandType='"Text"', CommandTimeout='30']
SELECT "w"."Id", "w"."CheckpointsJson", "w"."ProjectId", "w"."UpdatedAtUtc"
FROM "WorkflowCheckpoints" AS "w"
WHERE "w"."ProjectId" = @__projectId_0
LIMIT 1
2026-07-23 11:34:19.551 [INF] Executed DbCommand (0ms) [Parameters=[@p2='?' (DbType = Int64), @p0='?' (Size = 9170), @p1='?' (DbType = DateTime)], CommandType='"Text"', CommandTimeout='30']
UPDATE "WorkflowCheckpoints" SET "CheckpointsJson" = @p0, "UpdatedAtUtc" = @p1
WHERE "Id" = @p2
RETURNING 1;
2026-07-23 09:34:19.552 [INF] step_start:Build
2026-07-23 09:34:19.554 [INF] Build: running npm build...
2026-07-23 11:34:24.702 [INF] RUN_NPM_COMMAND_ON_VOLUME: Run npm run build on volume 9b4235eb-da8e-40b2-8bdc-bc883648ae1c at path /app/fleet-services-agency - Exit code: 2

> fleet-services-agency@0.0.0 build
> tsc -b && vite build

src/components/ContactSplitSection.tsx(10,28): error TS2307: Cannot find module '@/lib/formService' or its corresponding type declarations.
src/pages/AboutPage.tsx(23,27): error TS2322: Type '{ eyebrow: string; title: string; subtitle: string; primaryCtaLabel: string; primaryCtaHref: string; secondaryCtaLabel: string; secondaryCtaHref: string; images: { heroImage: { url: string; alt: string; aspectRatio: string; fit: string; position: string; }; }; }' is not assignable to type 'HeroSplitSectionData'.
  The types of 'images.heroImage.fit' are incompatible between these types.
    Type 'string' is not assignable to type '"none" | "cover" | "contain" | "fill" | "scale-down" | undefined'.
src/pages/AboutPage.tsx(24,28): error TS2322: Type '{ title: string; subtitle: string; body: string[]; images: { storyPhoto: { url: string; alt: string; aspectRatio: string; fit: string; position: string; }; }; }' is not assignable to type 'AboutImageSectionData'.
  The types of 'images.storyPhoto.fit' are incompatible between these types.
    Type 'string' is not assignable to type '"none" | "cover" | "contain" | "fill" | "scale-down" | undefined'.
2026-07-23 11:34:24.715 [INF] Executed DbCommand (0ms) [Parameters=[@__projectId_0='?' (DbType = Int64)], CommandType='"Text"', CommandTimeout='30']
SELECT "w"."Id", "w"."CheckpointsJson", "w"."ProjectId", "w"."UpdatedAtUtc"
FROM "WorkflowCheckpoints" AS "w"
WHERE "w"."ProjectId" = @__projectId_0
LIMIT 1
2026-07-23 11:34:24.715 [INF] Executed DbCommand (0ms) [Parameters=[@p2='?' (DbType = Int64), @p0='?' (Size = 9170), @p1='?' (DbType = DateTime)], CommandType='"Text"', CommandTimeout='30']
UPDATE "WorkflowCheckpoints" SET "CheckpointsJson" = @p0, "UpdatedAtUtc" = @p1
WHERE "Id" = @p2
RETURNING 1;
2026-07-23 11:34:24.717 [WRN] BuildPreviewTest: npm build failed.
npm run build failed with exit code 2


> fleet-services-agency@0.0.0 build
> tsc -b && vite build

src/components/ContactSplitSection.tsx(10,28): error TS2307: Cannot find module '@/lib/formService' or its corresponding type declarations.
src/pages/AboutPage.tsx(23,27): error TS2322: Type '{ eyebrow: string; title: string; subtitle: string; primaryCtaLabel: string; primaryCtaHref: string; secondaryCtaLabel: string; secondaryCtaHref: string; images: { heroImage: { url: string; alt: string; aspectRatio: string; fit: string; position: string; }; }; }' is not assignable to type 'HeroSplitSectionData'.
  The types of 'images.heroImage.fit' are incompatible between these types.
    Type 'string' is not assignable to type '"none" | "cover" | "contain" | "fill" | "scale-down" | undefined'.
src/pages/AboutPage.tsx(24,28): error TS2322: Type '{ title: string; subtitle: string; body: string[]; images: { storyPhoto: { url: string; alt: string; aspectRatio: string; fit: string; position: string; }; }; }' is not assignable to type 'AboutImageSectionData'.
  The types of 'images.storyPhoto.fit' are incompatible between these types.
    Type 'string' is not assignable to type '"none" | "cover" | "contain" | "fill" | "scale-down" | undefined'.
2026-07-23 09:34:24.728 [INF] Build: failed.
2026-07-23 11:34:24.728 [WRN] BuildPreviewTest: initial cycle failed. Entering fix loop.
npm build failed:

npm run build failed with exit code 2


> fleet-services-agency@0.0.0 build
> tsc -b && vite build

src/components/ContactSplitSection.tsx(10,28): error TS2307: Cannot find module '@/lib/formService' or its corresponding type declarations.
src/pages/AboutPage.tsx(23,27): error TS2322: Type '{ eyebrow: string; title: string; subtitle: string; primaryCtaLabel: string; primaryCtaHref: string; secondaryCtaLabel: string; secondaryCtaHref: string; images: { heroImage: { url: string; alt: string; aspectRatio: string; fit: string; position: string; }; }; }' is not assignable to type 'HeroSplitSectionData'.
  The types of 'images.heroImage.fit' are incompatible between these types.
    Type 'string' is not assignable to type '"none" | "cover" | "contain" | "fill" | "scale-down" | undefined'.
src/pages/AboutPage.tsx(24,28): error TS2322: Type '{ title: string; subtitle: string; body: string[]; images: { storyPhoto: { url: string; alt: string; aspectRatio: string; fit: string; position: string; }; }; }' is not assignable to type 'AboutImageSectionData'.
  The types of 'images.storyPhoto.fit' are incompatible between these types.
    Type 'string' is not assignable to type '"none" | "cover" | "contain" | "fill" | "scale-down" | undefined'.
2026-07-23 11:34:24.731 [INF] READ_FILE_FROM_VOLUME: Attempting to read 'fleet-services-agency/src/types/components.ts' from volume '9b4235eb-da8e-40b2-8bdc-bc883648ae1c'
2026-07-23 11:34:25.269 [INF] READ_FILE_FROM_VOLUME: Successfully read 'fleet-services-agency/src/types/components.ts' (5582 bytes)
2026-07-23 09:34:35.670 [INF] Fix: attempt 1/10
2026-07-23 09:34:35.675 [INF] Fix: parallel (2 agents)
2026-07-23 11:34:37.838 [WRN] Tool 'read_file_from_volume' called with missing argument: The arguments dictionary is missing a value for the required parameter 'path'. (Parameter 'arguments')
2026-07-23 11:34:37.838 [WRN] Tool 'read_file_from_volume' called with missing argument: The arguments dictionary is missing a value for the required parameter 'path'. (Parameter 'arguments')
2026-07-23 11:34:38.869 [INF] READ_FILE_FROM_VOLUME: Attempting to read 'fleet-services-agency/src/pages/AboutPage.tsx' from volume '9b4235eb-da8e-40b2-8bdc-bc883648ae1c'
2026-07-23 11:34:39.379 [INF] READ_FILE_FROM_VOLUME: Successfully read 'fleet-services-agency/src/pages/AboutPage.tsx' (1212 bytes)
2026-07-23 11:34:39.838 [INF] READ_FILE_FROM_VOLUME: Attempting to read 'fleet-services-agency/src/components/ContactSplitSection.tsx' from volume '9b4235eb-da8e-40b2-8bdc-bc883648ae1c'
2026-07-23 11:34:40.288 [INF] READ_FILE_FROM_VOLUME: Successfully read 'fleet-services-agency/src/components/ContactSplitSection.tsx' (6236 bytes)
2026-07-23 11:34:52.027 [INF] READ_FILE_FROM_VOLUME: Attempting to read 'fleet-services-agency/src/components/HeroSplitSection.tsx' from volume '9b4235eb-da8e-40b2-8bdc-bc883648ae1c'
2026-07-23 11:34:52.229 [WRN] Tool 'list_files_in_volume' called with missing argument: The arguments dictionary is missing a value for the required parameter 'folderName'. (Parameter 'arguments')
2026-07-23 11:34:52.478 [INF] READ_FILE_FROM_VOLUME: Successfully read 'fleet-services-agency/src/components/HeroSplitSection.tsx' (3005 bytes)
2026-07-23 11:34:53.659 [WRN] Tool 'list_files_in_volume' called with missing argument: The arguments dictionary is missing a value for the required parameter 'folderName'. (Parameter 'arguments')
2026-07-23 11:34:55.480 [INF] LIST_FILES_IN_VOLUME: Listed 162 files in 'fleet-services-agency' on volume '9b4235eb-da8e-40b2-8bdc-bc883648ae1c'
2026-07-23 11:35:04.925 [INF] READ_FILE_FROM_VOLUME: Attempting to read 'fleet-services-agency/src/content/about.json' from volume '9b4235eb-da8e-40b2-8bdc-bc883648ae1c'
2026-07-23 11:35:05.359 [INF] READ_FILE_FROM_VOLUME: Successfully read 'fleet-services-agency/src/content/about.json' (4053 bytes)
2026-07-23 11:35:07.414 [WRN] Tool 'path_exists_in_volume' called with missing argument: The arguments dictionary is missing a value for the required parameter 'relativePath'. (Parameter 'arguments')
2026-07-23 11:35:20.544 [INF] READ_FILE_FROM_VOLUME: Attempting to read 'fleet-services-agency/src/types/components.ts' from volume '9b4235eb-da8e-40b2-8bdc-bc883648ae1c'
2026-07-23 11:35:20.980 [INF] READ_FILE_FROM_VOLUME: Successfully read 'fleet-services-agency/src/types/components.ts' (5582 bytes)
2026-07-23 11:35:33.607 [WRN] Tool 'list_files_in_volume' called with missing argument: The arguments dictionary is missing a value for the required parameter 'folderName'. (Parameter 'arguments')
2026-07-23 11:35:35.429 [INF] LIST_FILES_IN_VOLUME: Listed 162 files in 'fleet-services-agency' on volume '9b4235eb-da8e-40b2-8bdc-bc883648ae1c'
2026-07-23 11:35:35.438 [WRN] Tool 'batch_read_files_from_volume' called with missing argument: The arguments dictionary is missing a value for the required parameter 'filePaths'. (Parameter 'arguments')
2026-07-23 11:35:38.956 [INF] READ_FILE_FROM_VOLUME: Attempting to read 'fleet-services-agency/src/components/MapSection.tsx' from volume '9b4235eb-da8e-40b2-8bdc-bc883648ae1c'
2026-07-23 11:35:39.429 [INF] READ_FILE_FROM_VOLUME: Successfully read 'fleet-services-agency/src/components/MapSection.tsx' (1117 bytes)
2026-07-23 11:35:51.849 [INF] LIST_FILES_IN_VOLUME: Listed 65 files in 'fleet-services-agency/src' on volume '9b4235eb-da8e-40b2-8bdc-bc883648ae1c'
2026-07-23 11:36:02.826 [INF] WRITE_FILE_TO_VOLUME: Wrote file 'fleet-services-agency/src/pages/AboutPage.tsx' to volume '9b4235eb-da8e-40b2-8bdc-bc883648ae1c'
2026-07-23 11:36:16.892 [INF] READ_FILE_FROM_VOLUME: Attempting to read 'fleet-services-agency/src/lib/supabase.ts' from volume '9b4235eb-da8e-40b2-8bdc-bc883648ae1c'
2026-07-23 11:36:17.368 [INF] READ_FILE_FROM_VOLUME: Successfully read 'fleet-services-agency/src/lib/supabase.ts' (259 bytes)
2026-07-23 11:36:36.648 [INF] READ_FILE_FROM_VOLUME: Attempting to read 'fleet-services-agency/src/types/components.ts' from volume '9b4235eb-da8e-40b2-8bdc-bc883648ae1c'
2026-07-23 11:36:37.127 [INF] READ_FILE_FROM_VOLUME: Successfully read 'fleet-services-agency/src/types/components.ts' (5582 bytes)
2026-07-23 11:36:58.413 [INF] WRITE_FILE_TO_VOLUME: Wrote file 'fleet-services-agency/src/components/ContactSplitSection.tsx' to volume '9b4235eb-da8e-40b2-8bdc-bc883648ae1c'
2026-07-23 09:37:12.676 [INF] step_start:Build
2026-07-23 09:37:12.677 [INF] Build: running npm build...
2026-07-23 11:37:19.493 [INF] RUN_NPM_COMMAND_ON_VOLUME: Run npm run build on volume 9b4235eb-da8e-40b2-8bdc-bc883648ae1c at path /app/fleet-services-agency - Exit code: 1

> fleet-services-agency@0.0.0 build
> tsc -b && vite build

vite v6.4.2 building for production...
transforming...
✓ 3 modules transformed.


STDERR:
✗ Build failed in 74ms
error during build:
[@tailwindcss/vite:generate:build] Invalid declaration: `.container-content`
file: /app/fleet-services-agency/src/index.css
    at Se (file:///app/fleet-services-agency/node_modules/tailwindcss/dist/chunk-F4544Y4M.mjs:1:3315)
    at yf (file:///app/fleet-services-agency/node_modules/tailwindcss/dist/chunk-F4544Y4M.mjs:38:1384)
    at uu (file:///app/fleet-services-agency/node_modules/@tailwindcss/node/dist/index.mjs:10:3463)
    at B.generate (file:///app/fleet-services-agency/node_modules/@tailwindcss/vite/dist/index.mjs:1:5242)
    at Object.handler (file:///app/fleet-services-agency/node_modules/@tailwindcss/vite/dist/index.mjs:1:3965)
    at Object.handler (file:///app/fleet-services-agency/node_modules/vite/dist/node/chunks/dep-Dq2t6Dq0.js:46562:15)
    at file:///app/fleet-services-agency/node_modules/rollup/dist/es/shared/node-entry.js:22967:40
npm notice
npm notice New major version of npm available! 10.8.2 -> 12.0.1
npm notice Changelog: https://github.com/npm/cli/releases/tag/v12.0.1
npm notice To update run: npm install -g npm@12.0.1
npm notice
2026-07-23 11:37:19.514 [INF] Executed DbCommand (2ms) [Parameters=[@__projectId_0='?' (DbType = Int64)], CommandType='"Text"', CommandTimeout='30']
SELECT "w"."Id", "w"."CheckpointsJson", "w"."ProjectId", "w"."UpdatedAtUtc"
FROM "WorkflowCheckpoints" AS "w"
WHERE "w"."ProjectId" = @__projectId_0
LIMIT 1
2026-07-23 11:37:19.514 [INF] Executed DbCommand (0ms) [Parameters=[@p1='?' (DbType = Int64), @p0='?' (DbType = DateTime)], CommandType='"Text"', CommandTimeout='30']
UPDATE "WorkflowCheckpoints" SET "UpdatedAtUtc" = @p0
WHERE "Id" = @p1
RETURNING 1;
2026-07-23 11:37:19.517 [WRN] BuildPreviewTest: npm build failed.
npm run build failed with exit code 1


> fleet-services-agency@0.0.0 build
> tsc -b && vite build

vite v6.4.2 building for production...
transforming...
✓ 3 modules transformed.


STDERR:
✗ Build failed in 74ms
error during build:
[@tailwindcss/vite:generate:build] Invalid declaration: `.container-content`
file: /app/fleet-services-agency/src/index.css
    at Se (file:///app/fleet-services-agency/node_modules/tailwindcss/dist/chunk-F4544Y4M.mjs:1:3315)
    at yf (file:///app/fleet-services-agency/node_modules/tailwindcss/dist/chunk-F4544Y4M.mjs:38:1384)
    at uu (file:///app/fleet-services-agency/node_modules/@tailwindcss/node/dist/index.mjs:10:3463)
    at B.generate (file:///app/fleet-services-agency/node_modules/@tailwindcss/vite/dist/index.mjs:1:5242)
    at Object.handler (file:///app/fleet-services-agency/node_modules/@tailwindcss/vite/dist/index.mjs:1:3965)
    at Object.handler (file:///app/fleet-services-agency/node_modules/vite/dist/node/chunks/dep-Dq2t6Dq0.js:46562:15)
    at file:///app/fleet-services-agency/node_modules/rollup/dist/es/shared/node-entry.js:22967:40
npm notice
npm notice New major version of npm available! 10.8.2 -> 12.0.1
npm notice Changelog: https://github.com/npm/cli/releases/tag/v12.0.1
npm notice To update run: npm install -g npm@12.0.1
npm notice
2026-07-23 09:37:19.518 [INF] Build: failed.
2026-07-23 11:37:19.518 [WRN] BuildPreviewTest: still failing after fix attempt 1/10.
npm build failed:

npm run build failed with exit code 1


> fleet-services-agency@0.0.0 build
> tsc -b && vite build

vite v6.4.2 building for production...
transforming...
✓ 3 modules transformed.


STDERR:
✗ Build failed in 74ms
error during build:
[@tailwindcss/vite:generate:build] Invalid declaration: `.container-content`
file: /app/fleet-services-agency/src/index.css
    at Se (file:///app/fleet-services-agency/node_modules/tailwindcss/dist/chunk-F4544Y4M.mjs:1:3315)
    at yf (file:///app/fleet-services-agency/node_modules/tailwindcss/dist/chunk-F4544Y4M.mjs:38:1384)
    at uu (file:///app/fleet-services-agency/node_modules/@tailwindcss/node/dist/index.mjs:10:3463)
    at B.generate (file:///app/fleet-services-agency/node_modules/@tailwindcss/vite/dist/index.mjs:1:5242)
    at Object.handler (file:///app/fleet-services-agency/node_modules/@tailwindcss/vite/dist/index.mjs:1:3965)
    at Object.handler (file:///app/fleet-services-agency/node_modules/vite/dist/node/chunks/dep-Dq2t6Dq0.js:46562:15)
    at file:///app/fleet-services-agency/node_modules/rollup/dist/es/shared/node-entry.js:22967:40
npm notice
npm notice New major version of npm available! 10.8.2 -> 12.0.1
npm notice Changelog: https://github.com/npm/cli/releases/tag/v12.0.1
npm notice To update run: npm install -g npm@12.0.1
npm notice
2026-07-23 09:37:19.521 [INF] Fix: attempt 2/10
2026-07-23 11:37:22.143 [WRN] Tool 'read_file_from_volume' called with missing argument: The arguments dictionary is missing a value for the required parameter 'path'. (Parameter 'arguments')
2026-07-23 11:37:24.199 [INF] READ_FILE_FROM_VOLUME: Attempting to read '/app/fleet-services-agency/src/index.css' from volume '9b4235eb-da8e-40b2-8bdc-bc883648ae1c'
2026-07-23 11:37:38.433 [WRN] Tool 'list_files_in_volume' called with missing argument: The arguments dictionary is missing a value for the required parameter 'folderName'. (Parameter 'arguments')
2026-07-23 11:37:40.480 [INF] LIST_FILES_IN_VOLUME: Listed 0 files in '/app/fleet-services-agency' on volume '9b4235eb-da8e-40b2-8bdc-bc883648ae1c'
2026-07-23 11:37:52.418 [INF] LIST_FILES_IN_VOLUME: Listed 162 files in 'fleet-services-agency' on volume '9b4235eb-da8e-40b2-8bdc-bc883648ae1c'
2026-07-23 11:38:19.869 [INF] READ_FILE_FROM_VOLUME: Attempting to read 'fleet-services-agency/src/index.css' from volume '9b4235eb-da8e-40b2-8bdc-bc883648ae1c'
2026-07-23 11:38:20.356 [INF] READ_FILE_FROM_VOLUME: Successfully read 'fleet-services-agency/src/index.css' (9621 bytes)
2026-07-23 11:38:46.796 [INF] WRITE_FILE_TO_VOLUME: Wrote file 'fleet-services-agency/src/index.css' to volume '9b4235eb-da8e-40b2-8bdc-bc883648ae1c'
2026-07-23 09:39:01.990 [INF] step_start:Build
2026-07-23 09:39:01.991 [INF] Build: running npm build...
2026-07-23 11:39:08.109 [INF] RUN_NPM_COMMAND_ON_VOLUME: Run npm run build on volume 9b4235eb-da8e-40b2-8bdc-bc883648ae1c at path /app/fleet-services-agency - Exit code: 1

> fleet-services-agency@0.0.0 build
> tsc -b && vite build

vite v6.4.2 building for production...
transforming...
✓ 3 modules transformed.


STDERR:
✗ Build failed in 66ms
error during build:
[@tailwindcss/vite:generate:build] Can't resolve 'tw-animate-css' in '/app/fleet-services-agency/src'
file: /app/fleet-services-agency/src/index.css
    at finishWithoutResolve (/app/fleet-services-agency/node_modules/enhanced-resolve/lib/Resolver.js:587:18)
    at /app/fleet-services-agency/node_modules/enhanced-resolve/lib/Resolver.js:679:14
    at /app/fleet-services-agency/node_modules/enhanced-resolve/lib/Resolver.js:740:5
    at eval (eval at create (/app/fleet-services-agency/node_modules/tapable/lib/HookCodeFactory.js:31:10), <anonymous>:15:1)
    at /app/fleet-services-agency/node_modules/enhanced-resolve/lib/Resolver.js:740:5
    at eval (eval at create (/app/fleet-services-agency/node_modules/tapable/lib/HookCodeFactory.js:31:10), <anonymous>:27:1)
    at /app/fleet-services-agency/node_modules/enhanced-resolve/lib/DescriptionFilePlugin.js:89:43
    at /app/fleet-services-agency/node_modules/enhanced-resolve/lib/Resolver.js:740:5
    at eval (eval at create (/app/fleet-services-agency/node_modules/tapable/lib/HookCodeFactory.js:31:10), <anonymous>:15:1)
    at /app/fleet-services-agency/node_modules/enhanced-resolve/lib/Resolver.js:740:5
npm notice
npm notice New major version of npm available! 10.8.2 -> 12.0.1
npm notice Changelog: https://github.com/npm/cli/releases/tag/v12.0.1
npm notice To update run: npm install -g npm@12.0.1
npm notice
2026-07-23 11:39:08.117 [INF] Executed DbCommand (0ms) [Parameters=[@__projectId_0='?' (DbType = Int64)], CommandType='"Text"', CommandTimeout='30']
SELECT "w"."Id", "w"."CheckpointsJson", "w"."ProjectId", "w"."UpdatedAtUtc"
FROM "WorkflowCheckpoints" AS "w"
WHERE "w"."ProjectId" = @__projectId_0
LIMIT 1
2026-07-23 11:39:08.118 [INF] Executed DbCommand (0ms) [Parameters=[@p1='?' (DbType = Int64), @p0='?' (DbType = DateTime)], CommandType='"Text"', CommandTimeout='30']
UPDATE "WorkflowCheckpoints" SET "UpdatedAtUtc" = @p0
WHERE "Id" = @p1
RETURNING 1;
2026-07-23 11:39:08.119 [WRN] BuildPreviewTest: npm build failed.
npm run build failed with exit code 1


> fleet-services-agency@0.0.0 build
> tsc -b && vite build

vite v6.4.2 building for production...
transforming...
✓ 3 modules transformed.


STDERR:
✗ Build failed in 66ms
error during build:
[@tailwindcss/vite:generate:build] Can't resolve 'tw-animate-css' in '/app/fleet-services-agency/src'
file: /app/fleet-services-agency/src/index.css
    at finishWithoutResolve (/app/fleet-services-agency/node_modules/enhanced-resolve/lib/Resolver.js:587:18)
    at /app/fleet-services-agency/node_modules/enhanced-resolve/lib/Resolver.js:679:14
    at /app/fleet-services-agency/node_modules/enhanced-resolve/lib/Resolver.js:740:5
    at eval (eval at create (/app/fleet-services-agency/node_modules/tapable/lib/HookCodeFactory.js:31:10), <anonymous>:15:1)
    at /app/fleet-services-agency/node_modules/enhanced-resolve/lib/Resolver.js:740:5
    at eval (eval at create (/app/fleet-services-agency/node_modules/tapable/lib/HookCodeFactory.js:31:10), <anonymous>:27:1)
    at /app/fleet-services-agency/node_modules/enhanced-resolve/lib/DescriptionFilePlugin.js:89:43
    at /app/fleet-services-agency/node_modules/enhanced-resolve/lib/Resolver.js:740:5
    at eval (eval at create (/app/fleet-services-agency/node_modules/tapable/lib/HookCodeFactory.js:31:10), <anonymous>:15:1)
    at /app/fleet-services-agency/node_modules/enhanced-resolve/lib/Resolver.js:740:5
npm notice
npm notice New major version of npm available! 10.8.2 -> 12.0.1
npm notice Changelog: https://github.com/npm/cli/releases/tag/v12.0.1
npm notice To update run: npm install -g npm@12.0.1
npm notice
2026-07-23 09:39:08.120 [INF] Build: failed.
2026-07-23 11:39:08.120 [WRN] BuildPreviewTest: still failing after fix attempt 2/10.
npm build failed:

npm run build failed with exit code 1


> fleet-services-agency@0.0.0 build
> tsc -b && vite build

vite v6.4.2 building for production...
transforming...
✓ 3 modules transformed.


STDERR:
✗ Build failed in 66ms
error during build:
[@tailwindcss/vite:generate:build] Can't resolve 'tw-animate-css' in '/app/fleet-services-agency/src'
file: /app/fleet-services-agency/src/index.css
    at finishWithoutResolve (/app/fleet-services-agency/node_modules/enhanced-resolve/lib/Resolver.js:587:18)
    at /app/fleet-services-agency/node_modules/enhanced-resolve/lib/Resolver.js:679:14
    at /app/fleet-services-agency/node_modules/enhanced-resolve/lib/Resolver.js:740:5
    at eval (eval at create (/app/fleet-services-agency/node_modules/tapable/lib/HookCodeFactory.js:31:10), <anonymous>:15:1)
    at /app/fleet-services-agency/node_modules/enhanced-resolve/lib/Resolver.js:740:5
    at eval (eval at create (/app/fleet-services-agency/node_modules/tapable/lib/HookCodeFactory.js:31:10), <anonymous>:27:1)
    at /app/fleet-services-agency/node_modules/enhanced-resolve/lib/DescriptionFilePlugin.js:89:43
    at /app/fleet-services-agency/node_modules/enhanced-resolve/lib/Resolver.js:740:5
    at eval (eval at create (/app/fleet-services-agency/node_modules/tapable/lib/HookCodeFactory.js:31:10), <anonymous>:15:1)
    at /app/fleet-services-agency/node_modules/enhanced-resolve/lib/Resolver.js:740:5
npm notice
npm notice New major version of npm available! 10.8.2 -> 12.0.1
npm notice Changelog: https://github.com/npm/cli/releases/tag/v12.0.1
npm notice To update run: npm install -g npm@12.0.1
npm notice
2026-07-23 09:39:08.121 [INF] Fix: attempt 3/10
2026-07-23 11:39:09.487 [WRN] Tool 'read_file_from_volume' called with missing argument: The arguments dictionary is missing a value for the required parameter 'path'. (Parameter 'arguments')
2026-07-23 11:39:11.711 [INF] READ_FILE_FROM_VOLUME: Attempting to read 'fleet-services-agency/src/index.css' from volume '9b4235eb-da8e-40b2-8bdc-bc883648ae1c'
2026-07-23 11:39:12.167 [INF] READ_FILE_FROM_VOLUME: Successfully read 'fleet-services-agency/src/index.css' (9633 bytes)
2026-07-23 11:39:41.803 [INF] WRITE_FILE_TO_VOLUME: Wrote file 'fleet-services-agency/src/index.css' to volume '9b4235eb-da8e-40b2-8bdc-bc883648ae1c'
2026-07-23 09:40:41.917 [INF] step_start:Build
2026-07-23 09:40:41.917 [INF] Build: running npm build...
2026-07-23 11:40:54.145 [INF] RUN_NPM_COMMAND_ON_VOLUME: Run npm run build on volume 9b4235eb-da8e-40b2-8bdc-bc883648ae1c at path /app/fleet-services-agency - Exit code: 0

> fleet-services-agency@0.0.0 build
> tsc -b && vite build

vite v6.4.2 building for production...
transforming...
✓ 1798 modules transformed.
rendering chunks...
computing gzip size...
dist/index.html                     0.59 kB │ gzip:   0.38 kB
dist/assets/index-eJPWrvgC.css     36.09 kB │ gzip:   7.36 kB
dist/assets/index-BkdbiAdV.js   1,496.63 kB │ gzip: 352.31 kB
✓ built in 6.16s


STDERR:
Found 3 warnings while optimizing generated CSS:

Issue #1:
[2m│   }[22m
[2m│ }[22m
[2m│[22m @import url('Montserrat:wght@500;600;700;800');
[2m┆[22m        [33m[2m^--[22m @import rules must precede all rules aside from @charset and @layer statements[39m
[2m┆[22m
[2m│ @import url('Open+Sans:wght@400;500;600;700');[22m
[2m│ :root {[22m

Issue #2:
[2m│ }[22m
[2m│ @import url('Montserrat:wght@500;600;700;800');[22m
[2m│[22m @import url('Open+Sans:wght@400;500;600;700');
[2m┆[22m        [33m[2m^--[22m @import rules must precede all rules aside from @charset and @layer statements[39m
[2m┆[22m
[2m│ :root {[22m
[2m│   --radius: 6px;[22m

Issue #3:
[2m│   @media (prefers-reduced-motion: reduce) {[22m
[2m│     scroll-behavior: auto;[22m
[2m│[22m   }
[2m┆[22m   [33m[2m^--[22m Unexpected end of input[39m
[2m┆[22m
[2m│ }[22m
[2m│ @layer utilities {[22m


(!) Some chunks are larger than 500 kB after minification. Consider:
- Using dynamic import() to code-split the application
- Use build.rollupOptions.output.manualChunks to improve chunking: https://rollupjs.org/configuration-options/#output-manualchunks
- Adjust chunk size limit for this warning via build.chunkSizeWarningLimit.
npm notice
npm notice New major version of npm available! 10.8.2 -> 12.0.1
npm notice Changelog: https://github.com/npm/cli/releases/tag/v12.0.1
npm notice To update run: npm install -g npm@12.0.1
npm notice
2026-07-23 11:40:54.158 [INF] Executed DbCommand (0ms) [Parameters=[@__projectId_0='?' (DbType = Int64)], CommandType='"Text"', CommandTimeout='30']
SELECT "w"."Id", "w"."CheckpointsJson", "w"."ProjectId", "w"."UpdatedAtUtc"
FROM "WorkflowCheckpoints" AS "w"
WHERE "w"."ProjectId" = @__projectId_0
LIMIT 1
2026-07-23 11:40:54.159 [INF] Executed DbCommand (0ms) [Parameters=[@p2='?' (DbType = Int64), @p0='?' (Size = 9196), @p1='?' (DbType = DateTime)], CommandType='"Text"', CommandTimeout='30']
UPDATE "WorkflowCheckpoints" SET "CheckpointsJson" = @p0, "UpdatedAtUtc" = @p1
WHERE "Id" = @p2
RETURNING 1;
2026-07-23 11:40:54.160 [INF] BuildPreviewTest: npm build succeeded.
2026-07-23 09:40:54.160 [INF] Build: succeeded.
2026-07-23 09:40:54.160 [INF] step_done:Build
2026-07-23 09:40:54.160 [INF] step_start:SmokeTest
2026-07-23 11:40:54.175 [INF] Executed DbCommand (0ms) [Parameters=[], CommandType='"Text"', CommandTimeout='30']
SELECT "p"."PreviewUrl"
FROM "Projects" AS "p"
WHERE "p"."PreviewUrl" IS NOT NULL
2026-07-23 09:40:54.176 [INF] Preview: starting container...
2026-07-23 11:40:56.662 [INF] START_PREVIEW: Container webly-preview-fleet-services-agency (aa0dc226ec3b) started on fixed port 4201
2026-07-23 11:40:56.663 [INF] BuildPreviewTest: preview available at http://localhost:4201
2026-07-23 09:40:56.664 [INF] preview_ready:http://localhost:4201
2026-07-23 11:40:56.665 [INF] Executed DbCommand (0ms) [Parameters=[@__context_UserId_0='?' (Size = 36), @__context_SessionId_1='?' (Size = 36)], CommandType='"Text"', CommandTimeout='30']
SELECT "p"."Id", "p"."CreatedAtUtc", "p"."CustomImageBlobsJson", "p"."FolderName", "p"."GithubCurrentBranch", "p"."GithubRepoName", "p"."GithubRepoUrl", "p"."ImageSourceMode", "p"."IsRefinement", "p"."NetlifySiteId", "p"."Phase", "p"."PreviewContainerId", "p"."PreviewUrl", "p"."ProductionUrl", "p"."ProjectName", "p"."SessionId", "p"."UpdatedAtUtc", "p"."UserId"
FROM "Projects" AS "p"
WHERE "p"."UserId" = @__context_UserId_0 AND "p"."SessionId" = @__context_SessionId_1
LIMIT 1
2026-07-23 11:40:56.666 [INF] Executed DbCommand (0ms) [Parameters=[@p3='?' (DbType = Int64), @p0='?' (Size = 64), @p1='?' (Size = 21), @p2='?' (DbType = DateTime)], CommandType='"Text"', CommandTimeout='30']
UPDATE "Projects" SET "PreviewContainerId" = @p0, "PreviewUrl" = @p1, "UpdatedAtUtc" = @p2
WHERE "Id" = @p3
RETURNING 1;
2026-07-23 11:40:57.207 [INF] WRITE_FILE_TO_VOLUME: Wrote file 'fleet-services-agency/dist/sitemap.xml' to volume '9b4235eb-da8e-40b2-8bdc-bc883648ae1c'
2026-07-23 11:41:08.097 [INF] WRITE_FILE_TO_VOLUME: Wrote file 'fleet-services-agency/dist/robots.txt' to volume '9b4235eb-da8e-40b2-8bdc-bc883648ae1c'
2026-07-23 09:41:18.502 [INF] SmokeTest: running headless browser check...
2026-07-23 11:41:18.504 [INF] SMOKE_TEST: resolved /services/:slug → /services/1
2026-07-23 11:41:19.022 [INF] SMOKE_RUNNER: Installing playwright npm package (one-time)...
2026-07-23 11:41:24.053 [INF] SMOKE_RUNNER: Ready — playwright installed at /tmp/node_modules.
2026-07-23 11:41:37.205 [INF] Executed DbCommand (0ms) [Parameters=[@__projectId_0='?' (DbType = Int64)], CommandType='"Text"', CommandTimeout='30']
SELECT "w"."Id", "w"."CheckpointsJson", "w"."ProjectId", "w"."UpdatedAtUtc"
FROM "WorkflowCheckpoints" AS "w"
WHERE "w"."ProjectId" = @__projectId_0
LIMIT 1
2026-07-23 11:41:37.205 [INF] Executed DbCommand (0ms) [Parameters=[@p2='?' (DbType = Int64), @p0='?' (Size = 9221), @p1='?' (DbType = DateTime)], CommandType='"Text"', CommandTimeout='30']
UPDATE "WorkflowCheckpoints" SET "CheckpointsJson" = @p0, "UpdatedAtUtc" = @p1
WHERE "Id" = @p2
RETURNING 1;
2026-07-23 09:41:37.206 [INF] SmokeTest: passed — site is working.
2026-07-23 09:41:37.206 [INF] smoke_passed:http://localhost:4201
2026-07-23 09:41:37.206 [INF] step_done:SmokeTest
2026-07-23 11:41:37.210 [INF] BATCH_READ_FILES_FROM_VOLUME: Attempting to read 2 files from volume '9b4235eb-da8e-40b2-8bdc-bc883648ae1c'
2026-07-23 11:41:37.812 [INF] BATCH_READ_FILES_FROM_VOLUME: Read 2/2 files successfully from volume '9b4235eb-da8e-40b2-8bdc-bc883648ae1c'
2026-07-23 11:41:48.240 [INF] BATCH_READ_FILES_FROM_VOLUME: Attempting to read 34 files from volume '9b4235eb-da8e-40b2-8bdc-bc883648ae1c'
2026-07-23 11:41:49.497 [INF] BATCH_READ_FILES_FROM_VOLUME: Read 34/34 files successfully from volume '9b4235eb-da8e-40b2-8bdc-bc883648ae1c'
2026-07-23 11:42:00.004 [INF] BATCH_WRITE_FILES_TO_VOLUME: Attempting to write 34 files to volume '9b4235eb-da8e-40b2-8bdc-bc883648ae1c'
2026-07-23 11:42:01.203 [INF] BATCH_WRITE_FILES_TO_VOLUME: Wrote 34/34 files successfully to volume '9b4235eb-da8e-40b2-8bdc-bc883648ae1c'
2026-07-23 11:42:11.518 [INF] BATCH_READ_FILES_FROM_VOLUME: Attempting to read 9 files from volume '9b4235eb-da8e-40b2-8bdc-bc883648ae1c'
2026-07-23 11:42:12.186 [INF] BATCH_READ_FILES_FROM_VOLUME: Read 9/9 files successfully from volume '9b4235eb-da8e-40b2-8bdc-bc883648ae1c'
2026-07-23 11:42:22.562 [INF] BATCH_READ_FILES_FROM_VOLUME: Attempting to read 36 files from volume '9b4235eb-da8e-40b2-8bdc-bc883648ae1c'
2026-07-23 11:42:23.628 [INF] BATCH_READ_FILES_FROM_VOLUME: Read 36/36 files successfully from volume '9b4235eb-da8e-40b2-8bdc-bc883648ae1c'
2026-07-23 11:42:33.980 [INF] BATCH_READ_FILES_FROM_VOLUME: Attempting to read 28 files from volume '9b4235eb-da8e-40b2-8bdc-bc883648ae1c'
2026-07-23 11:42:34.952 [INF] BATCH_READ_FILES_FROM_VOLUME: Read 28/28 files successfully from volume '9b4235eb-da8e-40b2-8bdc-bc883648ae1c'
2026-07-23 11:42:45.310 [INF] BATCH_READ_FILES_FROM_VOLUME: Attempting to read 2 files from volume '9b4235eb-da8e-40b2-8bdc-bc883648ae1c'
2026-07-23 11:42:45.784 [INF] BATCH_READ_FILES_FROM_VOLUME: Read 2/2 files successfully from volume '9b4235eb-da8e-40b2-8bdc-bc883648ae1c'
2026-07-23 11:42:56.101 [INF] READ_FILE_FROM_VOLUME: Attempting to read 'fleet-services-agency/.architecture/design.json' from volume '9b4235eb-da8e-40b2-8bdc-bc883648ae1c'
2026-07-23 11:42:56.485 [INF] READ_FILE_FROM_VOLUME: Successfully read 'fleet-services-agency/.architecture/design.json' (25562 bytes)
2026-07-23 11:43:07.377 [INF] WRITE_FILE_TO_VOLUME: Wrote file 'fleet-services-agency/.architecture/architecture-merged.json' to volume '9b4235eb-da8e-40b2-8bdc-bc883648ae1c'
2026-07-23 09:43:17.812 [INF] Build completed successfully
2026-07-23 11:43:17.812 [INF] Executed DbCommand (0ms) [Parameters=[@__context_UserId_0='?' (Size = 36), @__context_SessionId_1='?' (Size = 36)], CommandType='"Text"', CommandTimeout='30']
SELECT "p"."Id", "p"."CreatedAtUtc", "p"."CustomImageBlobsJson", "p"."FolderName", "p"."GithubCurrentBranch", "p"."GithubRepoName", "p"."GithubRepoUrl", "p"."ImageSourceMode", "p"."IsRefinement", "p"."NetlifySiteId", "p"."Phase", "p"."PreviewContainerId", "p"."PreviewUrl", "p"."ProductionUrl", "p"."ProjectName", "p"."SessionId", "p"."UpdatedAtUtc", "p"."UserId"
FROM "Projects" AS "p"
WHERE "p"."UserId" = @__context_UserId_0 AND "p"."SessionId" = @__context_SessionId_1
LIMIT 1
2026-07-23 11:43:17.812 [INF] Executed DbCommand (0ms) [Parameters=[@p3='?' (DbType = Int64), @p0='?' (DbType = Boolean), @p1='?' (Size = 7), @p2='?' (DbType = DateTime)], CommandType='"Text"', CommandTimeout='30']
UPDATE "Projects" SET "IsRefinement" = @p0, "Phase" = @p1, "UpdatedAtUtc" = @p2
WHERE "Id" = @p3
RETURNING 1;
2026-07-23 11:43:18.250 [INF] WRITE_FILE_TO_VOLUME: Wrote file 'fleet-services-agency/public/_redirects' to volume '9b4235eb-da8e-40b2-8bdc-bc883648ae1c'
2026-07-23 09:43:28.689 [INF] Pushing code to GitHub (main)...
2026-07-23 11:43:31.725 [INF] Executed DbCommand (0ms) [Parameters=[@__context_UserId_0='?' (Size = 36), @__context_SessionId_1='?' (Size = 36)], CommandType='"Text"', CommandTimeout='30']
SELECT "p"."Id", "p"."CreatedAtUtc", "p"."CustomImageBlobsJson", "p"."FolderName", "p"."GithubCurrentBranch", "p"."GithubRepoName", "p"."GithubRepoUrl", "p"."ImageSourceMode", "p"."IsRefinement", "p"."NetlifySiteId", "p"."Phase", "p"."PreviewContainerId", "p"."PreviewUrl", "p"."ProductionUrl", "p"."ProjectName", "p"."SessionId", "p"."UpdatedAtUtc", "p"."UserId"
FROM "Projects" AS "p"
WHERE "p"."UserId" = @__context_UserId_0 AND "p"."SessionId" = @__context_SessionId_1
LIMIT 1
2026-07-23 11:43:31.726 [INF] Executed DbCommand (0ms) [Parameters=[@p2='?' (DbType = Int64), @p0='?' (Size = 4), @p1='?' (DbType = DateTime)], CommandType='"Text"', CommandTimeout='30']
UPDATE "Projects" SET "GithubCurrentBranch" = @p0, "UpdatedAtUtc" = @p1
WHERE "Id" = @p2
RETURNING 1;
2026-07-23 09:43:31.726 [INF] Code pushed to GitHub.
